Month,Borough,Equipment Type,Equipment Code,Total Outages,Scheduled Outages,Unscheduled Outages,Entrapments,Time Since Major Improvement,AM Peak Availability,AM Peak Hours Available,AM Peak Total Hours,PM Peak Availability,PM Peak Hours Available,PM Peak Total Hours,24-Hour Availability,24-Hour Hours Available,24-Hour Total Hours,Station Name,Station MRN,Station Complex Name,Station Complex MRN,2021
1/1/21,Bronx,Elevator,EL135,6,4,2,0,225.0,0.965053763,119.6666667,124.0,0.989919355,122.75,124.0,0.964762545,717.7833333,744.0,161ST-YANKEESTADIUM-CON-B/D,219,"161 St-Yankee Stadium (B,D,4)",604,"12,374"
1/1/21,Bronx,Elevator,EL134,4,4,0,0,225.0,0.952956989,118.1666667,124.0,0.95766129,118.75,124.0,0.945250896,703.2666667,744.0,161ST-YANKEESTADIUM-CON-B/D,219,"161 St-Yankee Stadium (B,D,4)",604,"12,374"
1/1/21,Bronx,Elevator,EL131,5,5,0,0,225.0,0.997311828,123.6666667,124.0,1.0,124.0,124.0,0.975515233,725.7833333,744.0,161ST-YANKEESTADIUM-CON-B/D,219,"161 St-Yankee Stadium (B,D,4)",604,"12,374"
1/1/21,Bronx,Elevator,EL133,1,1,0,0,225.0,1.0,124.0,124.0,1.0,124.0,124.0,0.992137097,738.15,744.0,161ST-YANKEESTADIUM-CON-B/D,219,"161 St-Yankee Stadium (B,D,4)",604,"12,374"
1/1/21,Bronx,Elevator,EL132,4,3,1,0,225.0,0.998655914,123.8333333,124.0,0.967069892,119.9166667,124.0,0.977284946,727.1,744.0,161ST-YANKEESTADIUM-CON-B/D,219,"161 St-Yankee Stadium (B,D,4)",604,"12,374"
2/1/21,Bronx,Elevator,EL135,3,2,1,1,226.0,0.962053571,107.75,112.0,1.0,112.0,112.0,0.970039683,651.8666667,672.0,161ST-YANKEESTADIUM-CON-B/D,219,"161 St-Yankee Stadium (B,D,4)",604,"12,374"
2/1/21,Bronx,Elevator,EL132,3,1,2,0,226.0,0.928571429,104.0,112.0,0.936904762,104.9333333,112.0,0.920709325,618.7166667,672.0,161ST-YANKEESTADIUM-CON-B/D,219,"161 St-Yankee Stadium (B,D,4)",604,"12,374"
2/1/21,Bronx,Elevator,EL133,1,1,0,0,226.0,0.998511905,111.8333333,112.0,1.0,112.0,112.0,0.990649802,665.7166667,672.0,161ST-YANKEESTADIUM-CON-B/D,219,"161 St-Yankee Stadium (B,D,4)",604,"12,374"
2/1/21,Bronx,Elevator,EL134,1,1,0,0,226.0,1.0,112.0,112.0,1.0,112.0,112.0,0.99109623,666.0166667,672.0,161ST-YANKEESTADIUM-CON-B/D,219,"161 St-Yankee Stadium (B,D,4)",604,"12,374"
2/1/21,Bronx,Elevator,EL131,5,1,4,2,226.0,0.959077381,107.4166667,112.0,0.886011905,99.23333333,112.0,0.920411706,618.5166667,672.0,161ST-YANKEESTADIUM-CON-B/D,219,"161 St-Yankee Stadium (B,D,4)",604,"12,374"
3/1/21,Bronx,Elevator,EL131,4,3,1,1,227.0,0.987768817,122.4833333,124.0,0.967741935,120.0,124.0,0.968772401,720.7666667,744.0,161ST-YANKEESTADIUM-CON-B/D,219,"161 St-Yankee Stadium (B,D,4)",604,"12,374"
3/1/21,Bronx,Elevator,EL132,5,3,2,1,227.0,0.967741935,120.0,124.0,0.942876344,116.9166667,124.0,0.956339606,711.5166667,744.0,161ST-YANKEESTADIUM-CON-B/D,219,"161 St-Yankee Stadium (B,D,4)",604,"12,374"
3/1/21,Bronx,Elevator,EL135,2,1,1,1,227.0,1.0,124.0,124.0,0.977822581,121.25,124.0,0.989583333,736.25,744.0,161ST-YANKEESTADIUM-CON-B/D,219,"161 St-Yankee Stadium (B,D,4)",604,"12,374"
3/1/21,Bronx,Elevator,EL133,2,1,1,0,227.0,1.0,124.0,124.0,1.0,124.0,124.0,0.991621864,737.7666667,744.0,161ST-YANKEESTADIUM-CON-B/D,219,"161 St-Yankee Stadium (B,D,4)",604,"12,374"
3/1/21,Bronx,Elevator,EL134,2,2,0,0,227.0,0.997311828,123.6666667,124.0,1.0,124.0,124.0,0.985506272,733.2166667,744.0,161ST-YANKEESTADIUM-CON-B/D,219,"161 St-Yankee Stadium (B,D,4)",604,"12,374"
4/1/21,Bronx,Elevator,EL134,2,2,0,0,228.0,1.0,120.0,120.0,1.0,120.0,120.0,0.988726852,711.8833333,720.0,161ST-YANKEESTADIUM-CON-B/D,219,"161 St-Yankee Stadium (B,D,4)",604,"12,374"
4/1/21,Bronx,Elevator,EL131,8,5,3,0,228.0,0.95875,115.05,120.0,0.96,115.2,120.0,0.963634259,693.8166667,720.0,161ST-YANKEESTADIUM-CON-B/D,219,"161 St-Yankee Stadium (B,D,4)",604,"12,374"
4/1/21,Bronx,Elevator,EL135,1,1,0,0,228.0,1.0,120.0,120.0,1.0,120.0,120.0,0.99025463,712.9833333,720.0,161ST-YANKEESTADIUM-CON-B/D,219,"161 St-Yankee Stadium (B,D,4)",604,"12,374"
4/1/21,Bronx,Elevator,EL133,3,2,1,0,228.0,0.966666667,116.0,120.0,0.984722222,118.1666667,120.0,0.960763889,691.75,720.0,161ST-YANKEESTADIUM-CON-B/D,219,"161 St-Yankee Stadium (B,D,4)",604,"12,374"
4/1/21,Bronx,Elevator,EL132,6,4,2,1,228.0,1.0,120.0,120.0,0.968888889,116.2666667,120.0,0.980115741,705.6833333,720.0,161ST-YANKEESTADIUM-CON-B/D,219,"161 St-Yankee Stadium (B,D,4)",604,"12,374"
5/1/21,Bronx,Elevator,EL134,3,2,1,1,229.0,0.990591398,122.8333333,124.0,0.996639785,123.5833333,124.0,0.983064516,731.4,744.0,161ST-YANKEESTADIUM-CON-B/D,219,"161 St-Yankee Stadium (B,D,4)",604,"12,374"
5/1/21,Bronx,Elevator,EL133,2,1,1,0,229.0,0.984811828,122.1166667,124.0,1.0,124.0,124.0,0.993100358,738.8666667,744.0,161ST-YANKEESTADIUM-CON-B/D,219,"161 St-Yankee Stadium (B,D,4)",604,"12,374"
5/1/21,Bronx,Elevator,EL132,1,1,0,0,229.0,1.0,124.0,124.0,1.0,124.0,124.0,0.992271505,738.25,744.0,161ST-YANKEESTADIUM-CON-B/D,219,"161 St-Yankee Stadium (B,D,4)",604,"12,374"
5/1/21,Bronx,Elevator,EL131,3,1,2,1,229.0,0.967741935,120.0,124.0,1.0,124.0,124.0,0.980331541,729.3666667,744.0,161ST-YANKEESTADIUM-CON-B/D,219,"161 St-Yankee Stadium (B,D,4)",604,"12,374"
5/1/21,Bronx,Elevator,EL135,2,2,0,0,229.0,1.0,124.0,124.0,1.0,124.0,124.0,0.989404122,736.1166667,744.0,161ST-YANKEESTADIUM-CON-B/D,219,"161 St-Yankee Stadium (B,D,4)",604,"12,374"
6/1/21,Bronx,Elevator,EL134,3,1,2,0,230.0,0.866666667,104.0,120.0,0.896111111,107.5333333,120.0,0.862337963,620.8833333,720.0,161ST-YANKEESTADIUM-CON-B/D,219,"161 St-Yankee Stadium (B,D,4)",604,"12,374"
6/1/21,Bronx,Elevator,EL132,4,1,3,0,230.0,0.966666667,116.0,120.0,0.984444444,118.1333333,120.0,0.974652778,701.75,720.0,161ST-YANKEESTADIUM-CON-B/D,219,"161 St-Yankee Stadium (B,D,4)",604,"12,374"
6/1/21,Bronx,Elevator,EL135,4,3,1,1,230.0,1.0,120.0,120.0,0.960694444,115.2833333,120.0,0.966736111,696.05,720.0,161ST-YANKEESTADIUM-CON-B/D,219,"161 St-Yankee Stadium (B,D,4)",604,"12,374"
6/1/21,Bronx,Elevator,EL133,2,1,1,1,230.0,1.0,120.0,120.0,0.986944444,118.4333333,120.0,0.985601852,709.6333333,720.0,161ST-YANKEESTADIUM-CON-B/D,219,"161 St-Yankee Stadium (B,D,4)",604,"12,374"
6/1/21,Bronx,Elevator,EL131,4,1,3,1,230.0,1.0,120.0,120.0,0.966666667,116.0,120.0,0.960601852,691.6333333,720.0,161ST-YANKEESTADIUM-CON-B/D,219,"161 St-Yankee Stadium (B,D,4)",604,"12,374"
7/1/21,Bronx,Elevator,EL135,3,3,0,0,231.0,0.996370968,123.55,124.0,1.0,124.0,124.0,0.984431004,732.4166667,744.0,161ST-YANKEESTADIUM-CON-B/D,219,"161 St-Yankee Stadium (B,D,4)",604,"12,374"
7/1/21,Bronx,Elevator,EL134,1,1,0,0,231.0,1.0,124.0,124.0,1.0,124.0,124.0,0.994108423,739.6166667,744.0,161ST-YANKEESTADIUM-CON-B/D,219,"161 St-Yankee Stadium (B,D,4)",604,"12,374"
7/1/21,Bronx,Elevator,EL131,2,1,1,0,231.0,1.0,124.0,124.0,1.0,124.0,124.0,0.994130824,739.6333333,744.0,161ST-YANKEESTADIUM-CON-B/D,219,"161 St-Yankee Stadium (B,D,4)",604,"12,374"
7/1/21,Bronx,Elevator,EL132,3,1,2,1,231.0,0.967741935,120.0,124.0,0.967741935,120.0,124.0,0.95031362,707.0333333,744.0,161ST-YANKEESTADIUM-CON-B/D,219,"161 St-Yankee Stadium (B,D,4)",604,"12,374"
7/1/21,Bronx,Elevator,EL133,1,1,0,0,231.0,1.0,124.0,124.0,1.0,124.0,124.0,0.99390681,739.4666667,744.0,161ST-YANKEESTADIUM-CON-B/D,219,"161 St-Yankee Stadium (B,D,4)",604,"12,374"
8/1/21,Bronx,Elevator,EL133,1,1,0,0,232.0,1.0,124.0,124.0,1.0,124.0,124.0,0.99406362,739.5833333,744.0,161ST-YANKEESTADIUM-CON-B/D,219,"161 St-Yankee Stadium (B,D,4)",604,"12,374"
8/1/21,Bronx,Elevator,EL135,2,2,0,0,232.0,0.999327957,123.9166667,124.0,1.0,124.0,124.0,0.988956093,735.7833333,744.0,161ST-YANKEESTADIUM-CON-B/D,219,"161 St-Yankee Stadium (B,D,4)",604,"12,374"
8/1/21,Bronx,Elevator,EL131,6,3,3,3,232.0,0.958333333,118.8333333,124.0,0.916935484,113.7,124.0,0.933960573,694.8666667,744.0,161ST-YANKEESTADIUM-CON-B/D,219,"161 St-Yankee Stadium (B,D,4)",604,"12,374"
8/1/21,Bronx,Elevator,EL132,5,4,1,1,232.0,0.940860215,116.6666667,124.0,0.997715054,123.7166667,124.0,0.951545699,707.95,744.0,161ST-YANKEESTADIUM-CON-B/D,219,"161 St-Yankee Stadium (B,D,4)",604,"12,374"
8/1/21,Bronx,Elevator,EL134,1,1,0,0,232.0,1.0,124.0,124.0,1.0,124.0,124.0,0.994489247,739.9,744.0,161ST-YANKEESTADIUM-CON-B/D,219,"161 St-Yankee Stadium (B,D,4)",604,"12,374"
9/1/21,Bronx,Elevator,EL133,4,3,1,0,233.0,0.935416667,112.25,120.0,1.0,120.0,120.0,0.964375,694.35,720.0,161ST-YANKEESTADIUM-CON-B/D,219,"161 St-Yankee Stadium (B,D,4)",604,"12,374"
9/1/21,Bronx,Elevator,EL134,2,1,1,0,233.0,1.0,120.0,120.0,1.0,120.0,120.0,0.990949074,713.4833333,720.0,161ST-YANKEESTADIUM-CON-B/D,219,"161 St-Yankee Stadium (B,D,4)",604,"12,374"
9/1/21,Bronx,Elevator,EL135,8,8,0,0,233.0,0.767777778,92.13333333,120.0,0.933333333,112.0,120.0,0.856064815,616.3666667,720.0,161ST-YANKEESTADIUM-CON-B/D,219,"161 St-Yankee Stadium (B,D,4)",604,"12,374"
9/1/21,Bronx,Elevator,EL132,6,3,3,0,233.0,0.943055556,113.1666667,120.0,0.958333333,115.0,120.0,0.961458333,692.25,720.0,161ST-YANKEESTADIUM-CON-B/D,219,"161 St-Yankee Stadium (B,D,4)",604,"12,374"
9/1/21,Bronx,Elevator,EL131,6,3,3,0,233.0,0.954722222,114.5666667,120.0,1.0,120.0,120.0,0.975462963,702.3333333,720.0,161ST-YANKEESTADIUM-CON-B/D,219,"161 St-Yankee Stadium (B,D,4)",604,"12,374"
10/1/21,Bronx,Elevator,EL131,5,3,2,0,234.0,0.954301075,118.3333333,124.0,0.995967742,123.5,124.0,0.973700717,724.4333333,744.0,161ST-YANKEESTADIUM-CON-B/D,219,"161 St-Yankee Stadium (B,D,4)",604,"12,374"
10/1/21,Bronx,Elevator,EL135,3,3,0,0,234.0,0.972849462,120.6333333,124.0,1.0,124.0,124.0,0.982706093,731.1333333,744.0,161ST-YANKEESTADIUM-CON-B/D,219,"161 St-Yankee Stadium (B,D,4)",604,"12,374"
10/1/21,Bronx,Elevator,EL134,11,10,1,0,234.0,0.897580645,111.3,124.0,0.971102151,120.4166667,124.0,0.926500896,689.3166667,744.0,161ST-YANKEESTADIUM-CON-B/D,219,"161 St-Yankee Stadium (B,D,4)",604,"12,374"
10/1/21,Bronx,Elevator,EL133,6,5,1,1,234.0,1.0,124.0,124.0,1.0,124.0,124.0,0.981675627,730.3666667,744.0,161ST-YANKEESTADIUM-CON-B/D,219,"161 St-Yankee Stadium (B,D,4)",604,"12,374"
10/1/21,Bronx,Elevator,EL132,2,2,0,0,234.0,0.985215054,122.1666667,124.0,1.0,124.0,124.0,0.99249552,738.4166667,744.0,161ST-YANKEESTADIUM-CON-B/D,219,"161 St-Yankee Stadium (B,D,4)",604,"12,374"
11/1/21,Bronx,Elevator,EL134,6,5,1,0,235.0,0.955555556,114.6666667,120.0,0.969444444,116.3333333,120.0,0.961342593,692.1666667,720.0,161ST-YANKEESTADIUM-CON-B/D,219,"161 St-Yankee Stadium (B,D,4)",604,"12,374"
11/1/21,Bronx,Elevator,EL135,3,3,0,0,235.0,1.0,120.0,120.0,1.0,120.0,120.0,0.984097222,708.55,720.0,161ST-YANKEESTADIUM-CON-B/D,219,"161 St-Yankee Stadium (B,D,4)",604,"12,374"
11/1/21,Bronx,Elevator,EL131,4,3,1,1,235.0,1.0,120.0,120.0,1.0,120.0,120.0,0.981712963,706.8333333,720.0,161ST-YANKEESTADIUM-CON-B/D,219,"161 St-Yankee Stadium (B,D,4)",604,"12,374"
11/1/21,Bronx,Elevator,EL132,7,6,1,0,235.0,0.990277778,118.8333333,120.0,0.960138889,115.2166667,120.0,0.970115741,698.4833333,720.0,161ST-YANKEESTADIUM-CON-B/D,219,"161 St-Yankee Stadium (B,D,4)",604,"12,374"
11/1/21,Bronx,Elevator,EL133,8,8,0,0,235.0,0.994444444,119.3333333,120.0,1.0,120.0,120.0,0.961458333,692.25,720.0,161ST-YANKEESTADIUM-CON-B/D,219,"161 St-Yankee Stadium (B,D,4)",604,"12,374"
12/1/21,Bronx,Elevator,EL132,2,1,1,1,236.0,1.0,124.0,124.0,0.977822581,121.25,124.0,0.985058244,732.8833333,744.0,161ST-YANKEESTADIUM-CON-B/D,219,"161 St-Yankee Stadium (B,D,4)",604,"12,374"
12/1/21,Bronx,Elevator,EL134,1,1,0,0,236.0,1.0,124.0,124.0,1.0,124.0,124.0,0.99406362,739.5833333,744.0,161ST-YANKEESTADIUM-CON-B/D,219,"161 St-Yankee Stadium (B,D,4)",604,"12,374"
12/1/21,Bronx,Elevator,EL135,1,1,0,0,236.0,1.0,124.0,124.0,1.0,124.0,124.0,0.992831541,738.6666667,744.0,161ST-YANKEESTADIUM-CON-B/D,219,"161 St-Yankee Stadium (B,D,4)",604,"12,374"
12/1/21,Bronx,Elevator,EL131,6,5,1,1,236.0,0.941532258,116.75,124.0,0.978763441,121.3666667,124.0,0.956742832,711.8166667,744.0,161ST-YANKEESTADIUM-CON-B/D,219,"161 St-Yankee Stadium (B,D,4)",604,"12,374"
12/1/21,Bronx,Elevator,EL133,2,1,1,0,236.0,0.967741935,120.0,124.0,0.967741935,120.0,124.0,0.96671147,719.2333333,744.0,161ST-YANKEESTADIUM-CON-B/D,219,"161 St-Yankee Stadium (B,D,4)",604,"12,374"
1/1/21,Manhattan,Elevator,EL112,3,3,0,0,13.0,1.0,124.0,124.0,0.999462366,123.9333333,124.0,0.992137097,738.15,744.0,168ST-BWY7-1,302,"168 St (A,C,1)",605,"12,957"
1/1/21,Manhattan,Elevator,EL113,7,4,3,0,13.0,0.968413978,120.0833333,124.0,0.999865591,123.9833333,124.0,0.979771505,728.95,744.0,168ST-BWY7-1,302,"168 St (A,C,1)",605,"12,957"
1/1/21,Manhattan,Elevator,EL140,3,3,0,0,167.0,0.995967742,123.5,124.0,1.0,124.0,124.0,0.978785842,728.2166667,744.0,168ST-8AV-A/C,148,"168 St (A,C,1)",605,"12,957"
1/1/21,Manhattan,Elevator,EL141,2,1,1,0,167.0,0.870967742,108.0,124.0,0.870967742,108.0,124.0,0.871438172,648.35,744.0,168ST-8AV-A/C,148,"168 St (A,C,1)",605,"12,957"
1/1/21,Manhattan,Elevator,EL111,6,4,2,0,13.0,0.98655914,122.3333333,124.0,0.983602151,121.9666667,124.0,0.985528674,733.2333333,744.0,168ST-BWY7-1,302,"168 St (A,C,1)",605,"12,957"
1/1/21,Manhattan,Elevator,EL114,5,5,0,0,13.0,1.0,124.0,124.0,0.999865591,123.9833333,124.0,0.989672939,736.3166667,744.0,168ST-BWY7-1,302,"168 St (A,C,1)",605,"12,957"
1/1/21,Manhattan,Elevator,EL139,8,3,5,0,167.0,0.976344086,121.0666667,124.0,0.967741935,120.0,124.0,0.958333333,713.0,744.0,168ST-8AV-A/C,148,"168 St (A,C,1)",605,"12,957"
2/1/21,Manhattan,Elevator,EL139,13,5,8,6,168.0,0.870238095,97.46666667,112.0,0.869494048,97.38333333,112.0,0.853422619,573.5,672.0,168ST-8AV-A/C,148,"168 St (A,C,1)",605,"12,957"
2/1/21,Manhattan,Elevator,EL111,6,1,5,2,14.0,0.983333333,110.1333333,112.0,0.950297619,106.4333333,112.0,0.974702381,655.0,672.0,168ST-BWY7-1,302,"168 St (A,C,1)",605,"12,957"
2/1/21,Manhattan,Elevator,EL141,4,3,1,0,168.0,1.0,112.0,112.0,1.0,112.0,112.0,0.977827381,657.1,672.0,168ST-8AV-A/C,148,"168 St (A,C,1)",605,"12,957"
2/1/21,Manhattan,Elevator,EL140,15,3,12,0,168.0,0.995982143,111.55,112.0,0.905952381,101.4666667,112.0,0.90625,609.0,672.0,168ST-8AV-A/C,148,"168 St (A,C,1)",605,"12,957"
2/1/21,Manhattan,Elevator,EL113,8,1,7,2,14.0,0.920386905,103.0833333,112.0,0.858184524,96.11666667,112.0,0.916741071,616.05,672.0,168ST-BWY7-1,302,"168 St (A,C,1)",605,"12,957"
2/1/21,Manhattan,Elevator,EL112,2,1,1,0,14.0,1.0,112.0,112.0,0.967261905,108.3333333,112.0,0.983010913,660.5833333,672.0,168ST-BWY7-1,302,"168 St (A,C,1)",605,"12,957"
2/1/21,Manhattan,Elevator,EL114,1,1,0,0,14.0,1.0,112.0,112.0,1.0,112.0,112.0,0.992559524,667.0,672.0,168ST-BWY7-1,302,"168 St (A,C,1)",605,"12,957"
3/1/21,Manhattan,Elevator,EL111,4,2,2,0,15.0,1.0,124.0,124.0,1.0,124.0,124.0,0.981810036,730.4666667,744.0,168ST-BWY7-1,302,"168 St (A,C,1)",605,"12,957"
3/1/21,Manhattan,Elevator,EL139,7,5,2,0,169.0,0.997311828,123.6666667,124.0,0.935483871,116.0,124.0,0.961357527,715.25,744.0,168ST-8AV-A/C,148,"168 St (A,C,1)",605,"12,957"
3/1/21,Manhattan,Elevator,EL112,4,2,2,0,15.0,0.991935484,123.0,124.0,0.977822581,121.25,124.0,0.977732975,727.4333333,744.0,168ST-BWY7-1,302,"168 St (A,C,1)",605,"12,957"
3/1/21,Manhattan,Elevator,EL114,3,2,1,0,15.0,0.991935484,123.0,124.0,1.0,124.0,124.0,0.982056452,730.65,744.0,168ST-BWY7-1,302,"168 St (A,C,1)",605,"12,957"
3/1/21,Manhattan,Elevator,EL113,6,2,4,1,15.0,1.0,124.0,124.0,0.962903226,119.4,124.0,0.972916667,723.85,744.0,168ST-BWY7-1,302,"168 St (A,C,1)",605,"12,957"
3/1/21,Manhattan,Elevator,EL141,3,3,0,0,169.0,0.999327957,123.9166667,124.0,1.0,124.0,124.0,0.982392473,730.9,744.0,168ST-8AV-A/C,148,"168 St (A,C,1)",605,"12,957"
3/1/21,Manhattan,Elevator,EL140,3,1,2,0,169.0,0.985752688,122.2333333,124.0,1.0,124.0,124.0,0.982482079,730.9666667,744.0,168ST-8AV-A/C,148,"168 St (A,C,1)",605,"12,957"
4/1/21,Manhattan,Elevator,EL140,5,5,0,0,170.0,0.991666667,119.0,120.0,0.970833333,116.5,120.0,0.972314815,700.0666667,720.0,168ST-8AV-A/C,148,"168 St (A,C,1)",605,"12,957"
4/1/21,Manhattan,Elevator,EL113,4,2,2,0,16.0,0.958055556,114.9666667,120.0,1.0,120.0,120.0,0.98212963,707.1333333,720.0,168ST-BWY7-1,302,"168 St (A,C,1)",605,"12,957"
4/1/21,Manhattan,Elevator,EL139,10,8,2,0,170.0,0.897916667,107.75,120.0,0.933333333,112.0,120.0,0.898587963,646.9833333,720.0,168ST-8AV-A/C,148,"168 St (A,C,1)",605,"12,957"
4/1/21,Manhattan,Elevator,EL141,5,5,0,0,170.0,0.997916667,119.75,120.0,0.993055556,119.1666667,120.0,0.976643519,703.1833333,720.0,168ST-8AV-A/C,148,"168 St (A,C,1)",605,"12,957"
4/1/21,Manhattan,Elevator,EL111,10,3,7,4,16.0,0.924722222,110.9666667,120.0,0.955833333,114.7,120.0,0.959282407,690.6833333,720.0,168ST-BWY7-1,302,"168 St (A,C,1)",605,"12,957"
4/1/21,Manhattan,Elevator,EL114,5,2,3,0,16.0,0.939861111,112.7833333,120.0,1.0,120.0,120.0,0.968217593,697.1166667,720.0,168ST-BWY7-1,302,"168 St (A,C,1)",605,"12,957"
4/1/21,Manhattan,Elevator,EL112,5,2,3,0,16.0,0.994722222,119.3666667,120.0,0.979166667,117.5,120.0,0.977314815,703.6666667,720.0,168ST-BWY7-1,302,"168 St (A,C,1)",605,"12,957"
5/1/21,Manhattan,Elevator,EL111,4,2,2,0,17.0,0.988844086,122.6166667,124.0,1.0,124.0,124.0,0.981966846,730.5833333,744.0,168ST-BWY7-1,302,"168 St (A,C,1)",605,"12,957"
5/1/21,Manhattan,Elevator,EL114,1,1,0,0,17.0,1.0,124.0,124.0,1.0,124.0,124.0,0.993391577,739.0833333,744.0,168ST-BWY7-1,302,"168 St (A,C,1)",605,"12,957"
5/1/21,Manhattan,Elevator,EL113,12,1,11,0,17.0,0.956048387,118.55,124.0,0.95577957,118.5166667,124.0,0.93624552,696.5666667,744.0,168ST-BWY7-1,302,"168 St (A,C,1)",605,"12,957"
5/1/21,Manhattan,Elevator,EL112,4,2,2,1,17.0,0.97983871,121.5,124.0,0.981586022,121.7166667,124.0,0.977912186,727.5666667,744.0,168ST-BWY7-1,302,"168 St (A,C,1)",605,"12,957"
5/1/21,Manhattan,Elevator,EL139,7,7,0,0,171.0,0.983333333,121.9333333,124.0,0.959677419,119.0,124.0,0.968862007,720.8333333,744.0,168ST-8AV-A/C,148,"168 St (A,C,1)",605,"12,957"
5/1/21,Manhattan,Elevator,EL141,7,7,0,0,171.0,1.0,124.0,124.0,0.99327957,123.1666667,124.0,0.962432796,716.05,744.0,168ST-8AV-A/C,148,"168 St (A,C,1)",605,"12,957"
5/1/21,Manhattan,Elevator,EL140,3,3,0,0,171.0,1.0,124.0,124.0,0.992607527,123.0833333,124.0,0.987612007,734.7833333,744.0,168ST-8AV-A/C,148,"168 St (A,C,1)",605,"12,957"
6/1/21,Manhattan,Elevator,EL114,4,3,1,0,18.0,1.0,120.0,120.0,0.978888889,117.4666667,120.0,0.980138889,705.7,720.0,168ST-BWY7-1,302,"168 St (A,C,1)",605,"12,957"
6/1/21,Manhattan,Elevator,EL112,6,3,3,1,18.0,1.0,120.0,120.0,0.980833333,117.7,120.0,0.976851852,703.3333333,720.0,168ST-BWY7-1,302,"168 St (A,C,1)",605,"12,957"
6/1/21,Manhattan,Elevator,EL139,17,15,2,1,172.0,0.673055556,80.76666667,120.0,0.854444444,102.5333333,120.0,0.751990741,541.4333333,720.0,168ST-8AV-A/C,148,"168 St (A,C,1)",605,"12,957"
6/1/21,Manhattan,Elevator,EL111,5,3,2,0,18.0,0.952083333,114.25,120.0,0.979861111,117.5833333,120.0,0.95775463,689.5833333,720.0,168ST-BWY7-1,302,"168 St (A,C,1)",605,"12,957"
6/1/21,Manhattan,Elevator,EL140,2,2,0,0,172.0,1.0,120.0,120.0,1.0,120.0,120.0,0.988541667,711.75,720.0,168ST-8AV-A/C,148,"168 St (A,C,1)",605,"12,957"
6/1/21,Manhattan,Elevator,EL141,2,2,0,0,172.0,1.0,120.0,120.0,1.0,120.0,120.0,0.985949074,709.8833333,720.0,168ST-8AV-A/C,148,"168 St (A,C,1)",605,"12,957"
6/1/21,Manhattan,Elevator,EL113,8,4,4,0,18.0,0.953194444,114.3833333,120.0,0.933333333,112.0,120.0,0.944074074,679.7333333,720.0,168ST-BWY7-1,302,"168 St (A,C,1)",605,"12,957"
7/1/21,Manhattan,Elevator,EL141,2,2,0,0,173.0,0.999327957,123.9166667,124.0,1.0,124.0,124.0,0.98655914,734.0,744.0,168ST-8AV-A/C,148,"168 St (A,C,1)",605,"12,957"
7/1/21,Manhattan,Elevator,EL111,5,1,4,0,19.0,0.981854839,121.75,124.0,0.97405914,120.7833333,124.0,0.978629032,728.1,744.0,168ST-BWY7-1,302,"168 St (A,C,1)",605,"12,957"
7/1/21,Manhattan,Elevator,EL139,2,2,0,0,173.0,0.991263441,122.9166667,124.0,1.0,124.0,124.0,0.990367384,736.8333333,744.0,168ST-8AV-A/C,148,"168 St (A,C,1)",605,"12,957"
7/1/21,Manhattan,Elevator,EL113,5,2,3,0,19.0,0.935483871,116.0,124.0,0.96438172,119.5833333,124.0,0.938552867,698.2833333,744.0,168ST-BWY7-1,302,"168 St (A,C,1)",605,"12,957"
7/1/21,Manhattan,Elevator,EL140,3,2,1,0,173.0,1.0,124.0,124.0,1.0,124.0,124.0,0.983803763,731.95,744.0,168ST-8AV-A/C,148,"168 St (A,C,1)",605,"12,957"
7/1/21,Manhattan,Elevator,EL112,5,1,4,0,19.0,0.980107527,121.5333333,124.0,0.987903226,122.5,124.0,0.975201613,725.55,744.0,168ST-BWY7-1,302,"168 St (A,C,1)",605,"12,957"
7/1/21,Manhattan,Elevator,EL114,4,1,3,0,19.0,0.976075269,121.0333333,124.0,0.988037634,122.5166667,124.0,0.981339606,730.1166667,744.0,168ST-BWY7-1,302,"168 St (A,C,1)",605,"12,957"
8/1/21,Manhattan,Elevator,EL112,3,1,2,0,20.0,1.0,124.0,124.0,0.968951613,120.15,124.0,0.985371864,733.1166667,744.0,168ST-BWY7-1,302,"168 St (A,C,1)",605,"12,957"
8/1/21,Manhattan,Elevator,EL139,4,3,1,0,174.0,0.950268817,117.8333333,124.0,1.0,124.0,124.0,0.975134409,725.5,744.0,168ST-8AV-A/C,148,"168 St (A,C,1)",605,"12,957"
8/1/21,Manhattan,Elevator,EL114,2,1,1,0,20.0,0.999865591,123.9833333,124.0,0.999193548,123.9,124.0,0.990434588,736.8833333,744.0,168ST-BWY7-1,302,"168 St (A,C,1)",605,"12,957"
8/1/21,Manhattan,Elevator,EL113,4,1,3,0,20.0,1.0,124.0,124.0,0.956989247,118.6666667,124.0,0.979480287,728.7333333,744.0,168ST-BWY7-1,302,"168 St (A,C,1)",605,"12,957"
8/1/21,Manhattan,Elevator,EL140,3,2,1,0,174.0,0.967741935,120.0,124.0,0.969758065,120.25,124.0,0.963956093,717.1833333,744.0,168ST-8AV-A/C,148,"168 St (A,C,1)",605,"12,957"
8/1/21,Manhattan,Elevator,EL111,4,1,3,0,20.0,1.0,124.0,124.0,0.951612903,118.0,124.0,0.97625448,726.3333333,744.0,168ST-BWY7-1,302,"168 St (A,C,1)",605,"12,957"
8/1/21,Manhattan,Elevator,EL141,5,2,3,1,174.0,0.966263441,119.8166667,124.0,0.973790323,120.75,124.0,0.977576165,727.3166667,744.0,168ST-8AV-A/C,148,"168 St (A,C,1)",605,"12,957"
9/1/21,Manhattan,Elevator,EL113,2,1,1,0,21.0,1.0,120.0,120.0,1.0,120.0,120.0,0.988402778,711.65,720.0,168ST-BWY7-1,302,"168 St (A,C,1)",605,"12,957"
9/1/21,Manhattan,Elevator,EL112,4,1,3,0,21.0,0.933888889,112.0666667,120.0,0.954166667,114.5,120.0,0.945763889,680.95,720.0,168ST-BWY7-1,302,"168 St (A,C,1)",605,"12,957"
9/1/21,Manhattan,Elevator,EL141,3,2,1,0,175.0,0.995138889,119.4166667,120.0,1.0,120.0,120.0,0.980625,706.05,720.0,168ST-8AV-A/C,148,"168 St (A,C,1)",605,"12,957"
9/1/21,Manhattan,Elevator,EL140,1,1,0,0,175.0,1.0,120.0,120.0,1.0,120.0,120.0,0.992939815,714.9166667,720.0,168ST-8AV-A/C,148,"168 St (A,C,1)",605,"12,957"
9/1/21,Manhattan,Elevator,EL139,4,2,2,0,175.0,0.459027778,55.08333333,120.0,0.433333333,52.0,120.0,0.443055556,319.0,720.0,168ST-8AV-A/C,148,"168 St (A,C,1)",605,"12,957"
9/1/21,Manhattan,Elevator,EL114,2,1,1,0,21.0,1.0,120.0,120.0,1.0,120.0,120.0,0.989768519,712.6333333,720.0,168ST-BWY7-1,302,"168 St (A,C,1)",605,"12,957"
9/1/21,Manhattan,Elevator,EL111,4,2,2,1,21.0,1.0,120.0,120.0,0.984583333,118.15,120.0,0.980300926,705.8166667,720.0,168ST-BWY7-1,302,"168 St (A,C,1)",605,"12,957"
10/1/21,Manhattan,Elevator,EL139,7,5,2,0,176.0,0.919758065,114.05,124.0,0.967741935,120.0,124.0,0.943637993,702.0666667,744.0,168ST-8AV-A/C,148,"168 St (A,C,1)",605,"12,957"
10/1/21,Manhattan,Elevator,EL111,4,3,1,1,22.0,0.987231183,122.4166667,124.0,1.0,124.0,124.0,0.978001792,727.6333333,744.0,168ST-BWY7-1,302,"168 St (A,C,1)",605,"12,957"
10/1/21,Manhattan,Elevator,EL112,4,3,1,0,22.0,0.971774194,120.5,124.0,1.0,124.0,124.0,0.97609767,726.2166667,744.0,168ST-BWY7-1,302,"168 St (A,C,1)",605,"12,957"
10/1/21,Manhattan,Elevator,EL114,3,2,1,1,22.0,0.974865591,120.8833333,124.0,1.0,124.0,124.0,0.978293011,727.85,744.0,168ST-BWY7-1,302,"168 St (A,C,1)",605,"12,957"
10/1/21,Manhattan,Elevator,EL140,4,4,0,0,176.0,0.925403226,114.75,124.0,0.949327957,117.7166667,124.0,0.935103047,695.7166667,744.0,168ST-8AV-A/C,148,"168 St (A,C,1)",605,"12,957"
10/1/21,Manhattan,Elevator,EL113,3,2,1,0,22.0,1.0,124.0,124.0,0.979166667,121.4166667,124.0,0.975425627,725.7166667,744.0,168ST-BWY7-1,302,"168 St (A,C,1)",605,"12,957"
10/1/21,Manhattan,Elevator,EL141,3,1,2,0,176.0,1.0,124.0,124.0,1.0,124.0,124.0,0.987948029,735.0333333,744.0,168ST-8AV-A/C,148,"168 St (A,C,1)",605,"12,957"
11/1/21,Manhattan,Elevator,EL113,4,2,2,0,23.0,0.885416667,106.25,120.0,0.933333333,112.0,120.0,0.904236111,651.05,720.0,168ST-BWY7-1,302,"168 St (A,C,1)",605,"12,957"
11/1/21,Manhattan,Elevator,EL112,2,2,0,0,23.0,0.990555556,118.8666667,120.0,1.0,120.0,120.0,0.991481481,713.8666667,720.0,168ST-BWY7-1,302,"168 St (A,C,1)",605,"12,957"
11/1/21,Manhattan,Elevator,EL111,2,1,1,0,23.0,1.0,120.0,120.0,0.989583333,118.75,120.0,0.991435185,713.8333333,720.0,168ST-BWY7-1,302,"168 St (A,C,1)",605,"12,957"
11/1/21,Manhattan,Elevator,EL139,9,6,3,3,177.0,0.995555556,119.4666667,120.0,0.963194444,115.5833333,120.0,0.96625,695.7,720.0,168ST-8AV-A/C,148,"168 St (A,C,1)",605,"12,957"
11/1/21,Manhattan,Elevator,EL114,6,2,4,1,23.0,0.958333333,115.0,120.0,0.981805556,117.8166667,120.0,0.958032407,689.7833333,720.0,168ST-BWY7-1,302,"168 St (A,C,1)",605,"12,957"
11/1/21,Manhattan,Elevator,EL140,3,2,1,0,177.0,1.0,120.0,120.0,1.0,120.0,120.0,0.986875,710.55,720.0,168ST-8AV-A/C,148,"168 St (A,C,1)",605,"12,957"
11/1/21,Manhattan,Elevator,EL141,3,2,1,0,177.0,1.0,120.0,120.0,0.982638889,117.9166667,120.0,0.983055556,707.8,720.0,168ST-8AV-A/C,148,"168 St (A,C,1)",605,"12,957"
12/1/21,Manhattan,Elevator,EL114,12,4,8,1,24.0,0.918951613,113.95,124.0,0.932123656,115.5833333,124.0,0.904592294,673.0166667,744.0,168ST-BWY7-1,302,"168 St (A,C,1)",605,"12,957"
12/1/21,Manhattan,Elevator,EL111,5,4,1,0,24.0,0.977150538,121.1666667,124.0,0.997983871,123.75,124.0,0.98313172,731.45,744.0,168ST-BWY7-1,302,"168 St (A,C,1)",605,"12,957"
12/1/21,Manhattan,Elevator,EL140,6,5,1,0,178.0,0.996505376,123.5666667,124.0,1.0,124.0,124.0,0.975448029,725.7333333,744.0,168ST-8AV-A/C,148,"168 St (A,C,1)",605,"12,957"
12/1/21,Manhattan,Elevator,EL141,3,2,1,0,178.0,1.0,124.0,124.0,0.985887097,122.25,124.0,0.991039427,737.3333333,744.0,168ST-8AV-A/C,148,"168 St (A,C,1)",605,"12,957"
12/1/21,Manhattan,Elevator,EL112,11,7,4,1,24.0,0.876209677,108.65,124.0,0.935483871,116.0,124.0,0.907728495,675.35,744.0,168ST-BWY7-1,302,"168 St (A,C,1)",605,"12,957"
12/1/21,Manhattan,Elevator,EL113,6,5,1,0,24.0,1.0,124.0,124.0,1.0,124.0,124.0,0.971818996,723.0333333,744.0,168ST-BWY7-1,302,"168 St (A,C,1)",605,"12,957"
12/1/21,Manhattan,Elevator,EL139,1,1,0,0,178.0,1.0,124.0,124.0,1.0,124.0,124.0,0.99171147,737.8333333,744.0,168ST-8AV-A/C,148,"168 St (A,C,1)",605,"12,957"
1/1/21,Brooklyn,Elevator,EL317,0,0,0,0,312.0,,0.0,0.0,,0.0,0.0,,0.0,0.0,BOROUGHHALL-CLK-2/3,335,"Court St (R)/Borough Hall (2,3,4,5)",620,"12,377"
1/1/21,Brooklyn,Elevator,EL309,2,2,0,0,236.0,1.0,124.0,124.0,1.0,124.0,124.0,0.995922939,740.9666667,744.0,COURTST-BWY-R,24,"Court St (R)/Borough Hall (2,3,4,5)",620,"12,377"
1/1/21,Brooklyn,Elevator,EL308,3,2,1,0,236.0,1.0,124.0,124.0,0.991397849,122.9333333,124.0,0.991957885,738.0166667,744.0,COURTST-BWY-R,24,"Court St (R)/Borough Hall (2,3,4,5)",620,"12,377"
1/1/21,Brooklyn,Elevator,EL318,0,0,0,0,312.0,,0.0,0.0,,0.0,0.0,,0.0,0.0,BOROUGHHALL-CLK-2/3,335,"Court St (R)/Borough Hall (2,3,4,5)",620,"12,377"
2/1/21,Brooklyn,Elevator,EL308,3,3,0,0,237.0,1.0,112.0,112.0,1.0,112.0,112.0,0.986235119,662.75,672.0,COURTST-BWY-R,24,"Court St (R)/Borough Hall (2,3,4,5)",620,"12,377"
2/1/21,Brooklyn,Elevator,EL309,6,4,2,0,237.0,0.957440476,107.2333333,112.0,0.994494048,111.3833333,112.0,0.980257937,658.7333333,672.0,COURTST-BWY-R,24,"Court St (R)/Borough Hall (2,3,4,5)",620,"12,377"
2/1/21,Brooklyn,Elevator,EL318,0,0,0,0,313.0,,0.0,0.0,,0.0,0.0,,0.0,0.0,BOROUGHHALL-CLK-2/3,335,"Court St (R)/Borough Hall (2,3,4,5)",620,"12,377"
2/1/21,Brooklyn,Elevator,EL317,0,0,0,0,313.0,,0.0,0.0,,0.0,0.0,,0.0,0.0,BOROUGHHALL-CLK-2/3,335,"Court St (R)/Borough Hall (2,3,4,5)",620,"12,377"
3/1/21,Brooklyn,Elevator,EL309,2,2,0,0,238.0,1.0,124.0,124.0,1.0,124.0,124.0,0.985304659,733.0666667,744.0,COURTST-BWY-R,24,"Court St (R)/Borough Hall (2,3,4,5)",620,"12,377"
3/1/21,Brooklyn,Elevator,EL308,2,2,0,0,238.0,1.0,124.0,124.0,1.0,124.0,124.0,0.99186828,737.95,744.0,COURTST-BWY-R,24,"Court St (R)/Borough Hall (2,3,4,5)",620,"12,377"
3/1/21,Brooklyn,Elevator,EL318,1,1,0,0,,0.997587719,75.81666667,76.0,1.0,76.0,76.0,0.998695652,459.4,460.0,BOROUGHHALL-CLK-2/3,335,"Court St (R)/Borough Hall (2,3,4,5)",620,"12,377"
3/1/21,Brooklyn,Elevator,EL317,1,1,0,0,,0.995833333,75.68333333,76.0,1.0,76.0,76.0,0.999311594,459.6833333,460.0,BOROUGHHALL-CLK-2/3,335,"Court St (R)/Borough Hall (2,3,4,5)",620,"12,377"
4/1/21,Brooklyn,Elevator,EL309,4,3,1,0,239.0,0.998333333,119.8,120.0,1.0,120.0,120.0,0.980439815,705.9166667,720.0,COURTST-BWY-R,24,"Court St (R)/Borough Hall (2,3,4,5)",620,"12,377"
4/1/21,Brooklyn,Elevator,EL318,6,4,2,1,315.0,0.952222222,114.2666667,120.0,0.997083333,119.65,120.0,0.962986111,693.35,720.0,BOROUGHHALL-CLK-2/3,335,"Court St (R)/Borough Hall (2,3,4,5)",620,"12,377"
4/1/21,Brooklyn,Elevator,EL317,3,3,0,0,315.0,1.0,120.0,120.0,1.0,120.0,120.0,0.991435185,713.8333333,720.0,BOROUGHHALL-CLK-2/3,335,"Court St (R)/Borough Hall (2,3,4,5)",620,"12,377"
4/1/21,Brooklyn,Elevator,EL308,1,1,0,0,239.0,1.0,120.0,120.0,1.0,120.0,120.0,0.991898148,714.1666667,720.0,COURTST-BWY-R,24,"Court St (R)/Borough Hall (2,3,4,5)",620,"12,377"
5/1/21,Brooklyn,Elevator,EL309,5,4,1,0,240.0,0.984543011,122.0833333,124.0,1.0,124.0,124.0,0.983646953,731.8333333,744.0,COURTST-BWY-R,24,"Court St (R)/Borough Hall (2,3,4,5)",620,"12,377"
5/1/21,Brooklyn,Elevator,EL308,5,2,3,2,240.0,0.976612903,121.1,124.0,0.951478495,117.9833333,124.0,0.963306452,716.7,744.0,COURTST-BWY-R,24,"Court St (R)/Borough Hall (2,3,4,5)",620,"12,377"
5/1/21,Brooklyn,Elevator,EL318,3,3,0,0,316.0,0.999596774,123.95,124.0,1.0,124.0,124.0,0.983198925,731.5,744.0,BOROUGHHALL-CLK-2/3,335,"Court St (R)/Borough Hall (2,3,4,5)",620,"12,377"
5/1/21,Brooklyn,Elevator,EL317,3,2,1,0,316.0,0.983870968,122.0,124.0,1.0,124.0,124.0,0.985327061,733.0833333,744.0,BOROUGHHALL-CLK-2/3,335,"Court St (R)/Borough Hall (2,3,4,5)",620,"12,377"
6/1/21,Brooklyn,Elevator,EL317,7,4,3,0,317.0,0.986805556,118.4166667,120.0,0.933333333,112.0,120.0,0.969189815,697.8166667,720.0,BOROUGHHALL-CLK-2/3,335,"Court St (R)/Borough Hall (2,3,4,5)",620,"12,377"
6/1/21,Brooklyn,Elevator,EL309,6,5,1,0,241.0,0.971527778,116.5833333,120.0,1.0,120.0,120.0,0.976365741,702.9833333,720.0,COURTST-BWY-R,24,"Court St (R)/Borough Hall (2,3,4,5)",620,"12,377"
6/1/21,Brooklyn,Elevator,EL318,2,2,0,0,317.0,1.0,120.0,120.0,1.0,120.0,120.0,0.993078704,715.0166667,720.0,BOROUGHHALL-CLK-2/3,335,"Court St (R)/Borough Hall (2,3,4,5)",620,"12,377"
6/1/21,Brooklyn,Elevator,EL308,4,3,1,1,241.0,0.966666667,116.0,120.0,0.966666667,116.0,120.0,0.947708333,682.35,720.0,COURTST-BWY-R,24,"Court St (R)/Borough Hall (2,3,4,5)",620,"12,377"
7/1/21,Brooklyn,Elevator,EL318,1,1,0,0,318.0,1.0,124.0,124.0,1.0,124.0,124.0,0.992943548,738.75,744.0,BOROUGHHALL-CLK-2/3,335,"Court St (R)/Borough Hall (2,3,4,5)",620,"12,377"
7/1/21,Brooklyn,Elevator,EL308,2,1,1,1,242.0,0.997311828,123.6666667,124.0,0.967741935,120.0,124.0,0.981272401,730.0666667,744.0,COURTST-BWY-R,24,"Court St (R)/Borough Hall (2,3,4,5)",620,"12,377"
7/1/21,Brooklyn,Elevator,EL317,1,1,0,0,318.0,1.0,124.0,124.0,1.0,124.0,124.0,0.992741935,738.6,744.0,BOROUGHHALL-CLK-2/3,335,"Court St (R)/Borough Hall (2,3,4,5)",620,"12,377"
7/1/21,Brooklyn,Elevator,EL309,5,3,2,0,242.0,0.96155914,119.2333333,124.0,0.967741935,120.0,124.0,0.968794803,720.7833333,744.0,COURTST-BWY-R,24,"Court St (R)/Borough Hall (2,3,4,5)",620,"12,377"
8/1/21,Brooklyn,Elevator,EL309,7,5,2,0,243.0,0.979569892,121.4666667,124.0,1.0,124.0,124.0,0.965120968,718.05,744.0,COURTST-BWY-R,24,"Court St (R)/Borough Hall (2,3,4,5)",620,"12,377"
8/1/21,Brooklyn,Elevator,EL317,2,2,0,0,319.0,0.998655914,123.8333333,124.0,1.0,124.0,124.0,0.992383513,738.3333333,744.0,BOROUGHHALL-CLK-2/3,335,"Court St (R)/Borough Hall (2,3,4,5)",620,"12,377"
8/1/21,Brooklyn,Elevator,EL308,12,10,2,1,243.0,0.682795699,84.66666667,124.0,0.741935484,92.0,124.0,0.663261649,493.4666667,744.0,COURTST-BWY-R,24,"Court St (R)/Borough Hall (2,3,4,5)",620,"12,377"
8/1/21,Brooklyn,Elevator,EL318,5,3,2,0,319.0,0.955510753,118.4833333,124.0,0.94422043,117.0833333,124.0,0.962679211,716.2333333,744.0,BOROUGHHALL-CLK-2/3,335,"Court St (R)/Borough Hall (2,3,4,5)",620,"12,377"
9/1/21,Brooklyn,Elevator,EL308,7,5,2,1,244.0,0.297916667,35.75,120.0,0.2,24.0,120.0,0.235694444,169.7,720.0,COURTST-BWY-R,24,"Court St (R)/Borough Hall (2,3,4,5)",620,"12,377"
9/1/21,Brooklyn,Elevator,EL318,7,3,4,1,320.0,0.934027778,112.0833333,120.0,0.966666667,116.0,120.0,0.939467593,676.4166667,720.0,BOROUGHHALL-CLK-2/3,335,"Court St (R)/Borough Hall (2,3,4,5)",620,"12,377"
9/1/21,Brooklyn,Elevator,EL317,6,5,1,0,320.0,0.996666667,119.6,120.0,0.986805556,118.4166667,120.0,0.978240741,704.3333333,720.0,BOROUGHHALL-CLK-2/3,335,"Court St (R)/Borough Hall (2,3,4,5)",620,"12,377"
9/1/21,Brooklyn,Elevator,EL309,2,2,0,0,244.0,0.986666667,118.4,120.0,1.0,120.0,120.0,0.987592593,711.0666667,720.0,COURTST-BWY-R,24,"Court St (R)/Borough Hall (2,3,4,5)",620,"12,377"
10/1/21,Brooklyn,Elevator,EL308,10,6,4,2,245.0,0.247446237,30.68333333,124.0,0.194489247,24.11666667,124.0,0.224798387,167.25,744.0,COURTST-BWY-R,24,"Court St (R)/Borough Hall (2,3,4,5)",620,"12,377"
10/1/21,Brooklyn,Elevator,EL309,4,4,0,0,245.0,1.0,124.0,124.0,1.0,124.0,124.0,0.98156362,730.2833333,744.0,COURTST-BWY-R,24,"Court St (R)/Borough Hall (2,3,4,5)",620,"12,377"
10/1/21,Brooklyn,Elevator,EL318,8,4,4,1,321.0,0.934274194,115.85,124.0,0.909677419,112.8,124.0,0.933378136,694.4333333,744.0,BOROUGHHALL-CLK-2/3,335,"Court St (R)/Borough Hall (2,3,4,5)",620,"12,377"
10/1/21,Brooklyn,Elevator,EL317,3,3,0,0,321.0,0.99233871,123.05,124.0,1.0,124.0,124.0,0.99312276,738.8833333,744.0,BOROUGHHALL-CLK-2/3,335,"Court St (R)/Borough Hall (2,3,4,5)",620,"12,377"
11/1/21,Brooklyn,Elevator,EL318,4,3,1,0,322.0,0.966388889,115.9666667,120.0,1.0,120.0,120.0,0.985486111,709.55,720.0,BOROUGHHALL-CLK-2/3,335,"Court St (R)/Borough Hall (2,3,4,5)",620,"12,377"
11/1/21,Brooklyn,Elevator,EL317,8,4,4,2,322.0,0.954722222,114.5666667,120.0,0.972222222,116.6666667,120.0,0.951412037,685.0166667,720.0,BOROUGHHALL-CLK-2/3,335,"Court St (R)/Borough Hall (2,3,4,5)",620,"12,377"
11/1/21,Brooklyn,Elevator,EL308,2,1,1,0,246.0,0.981805556,117.8166667,120.0,1.0,120.0,120.0,0.990138889,712.9,720.0,COURTST-BWY-R,24,"Court St (R)/Borough Hall (2,3,4,5)",620,"12,377"
11/1/21,Brooklyn,Elevator,EL309,2,2,0,0,246.0,0.995833333,119.5,120.0,1.0,120.0,120.0,0.990393519,713.0833333,720.0,COURTST-BWY-R,24,"Court St (R)/Borough Hall (2,3,4,5)",620,"12,377"
12/1/21,Brooklyn,Elevator,EL317,1,1,0,0,323.0,1.0,124.0,124.0,0.977419355,121.2,124.0,0.993548387,739.2,744.0,BOROUGHHALL-CLK-2/3,335,"Court St (R)/Borough Hall (2,3,4,5)",620,"12,377"
12/1/21,Brooklyn,Elevator,EL318,2,1,1,0,323.0,0.981182796,121.6666667,124.0,0.981854839,121.75,124.0,0.988575269,735.5,744.0,BOROUGHHALL-CLK-2/3,335,"Court St (R)/Borough Hall (2,3,4,5)",620,"12,377"
12/1/21,Brooklyn,Elevator,EL308,1,1,0,0,247.0,1.0,124.0,124.0,1.0,124.0,124.0,0.993503584,739.1666667,744.0,COURTST-BWY-R,24,"Court St (R)/Borough Hall (2,3,4,5)",620,"12,377"
12/1/21,Brooklyn,Elevator,EL309,4,3,1,1,247.0,0.804435484,99.75,124.0,0.787231183,97.61666667,124.0,0.785170251,584.1666667,744.0,COURTST-BWY-R,24,"Court St (R)/Borough Hall (2,3,4,5)",620,"12,377"
1/1/21,Brooklyn,Elevator,EL339,0,0,0,0,255.0,,0.0,0.0,,0.0,0.0,,0.0,0.0,FRANKLINAV-FRK-S,139,"Franklin Av (C,S)",627,"2,624"
1/1/21,Brooklyn,Elevator,EL340,0,0,0,0,255.0,,0.0,0.0,,0.0,0.0,,0.0,0.0,FRANKLINAV-8AV-C,178,"Franklin Av (C,S)",627,"2,624"
2/1/21,Brooklyn,Elevator,EL340,0,0,0,0,256.0,,0.0,0.0,,0.0,0.0,,0.0,0.0,FRANKLINAV-8AV-C,178,"Franklin Av (C,S)",627,"2,624"
2/1/21,Brooklyn,Elevator,EL339,0,0,0,0,256.0,,0.0,0.0,,0.0,0.0,,0.0,0.0,FRANKLINAV-FRK-S,139,"Franklin Av (C,S)",627,"2,624"
3/1/21,Brooklyn,Elevator,EL340,0,0,0,0,257.0,,0.0,0.0,,0.0,0.0,,0.0,0.0,FRANKLINAV-8AV-C,178,"Franklin Av (C,S)",627,"2,624"
3/1/21,Brooklyn,Elevator,EL339,0,0,0,0,257.0,,0.0,0.0,,0.0,0.0,,0.0,0.0,FRANKLINAV-FRK-S,139,"Franklin Av (C,S)",627,"2,624"
4/1/21,Brooklyn,Elevator,EL340,0,0,0,0,258.0,,0.0,0.0,,0.0,0.0,,0.0,0.0,FRANKLINAV-8AV-C,178,"Franklin Av (C,S)",627,"2,624"
4/1/21,Brooklyn,Elevator,EL339,0,0,0,0,258.0,,0.0,0.0,,0.0,0.0,,0.0,0.0,FRANKLINAV-FRK-S,139,"Franklin Av (C,S)",627,"2,624"
5/1/21,Brooklyn,Elevator,EL339,6,2,4,3,259.0,0.879656863,59.81666667,68.0,0.884313725,60.13333333,68.0,0.890211907,367.5833333,412.9166667,FRANKLINAV-FRK-S,139,"Franklin Av (C,S)",627,"2,624"
5/1/21,Brooklyn,Elevator,EL340,4,1,3,2,259.0,0.850735294,57.85,68.0,0.882352941,60.0,68.0,0.871347861,359.8666667,413.0,FRANKLINAV-8AV-C,178,"Franklin Av (C,S)",627,"2,624"
6/1/21,Brooklyn,Elevator,EL339,7,6,1,0,1.0,0.948055556,113.7666667,120.0,0.966433566,115.1666667,119.1666667,0.945991286,676.6833333,715.3166667,FRANKLINAV-FRK-S,139,"Franklin Av (C,S)",627,"2,624"
6/1/21,Brooklyn,Elevator,EL340,3,2,1,1,1.0,0.965517241,112.0,116.0,1.0,116.0,116.0,0.974642626,678.4,696.05,FRANKLINAV-8AV-C,178,"Franklin Av (C,S)",627,"2,624"
7/1/21,Brooklyn,Elevator,EL340,2,2,0,0,2.0,0.989247312,122.6666667,124.0,1.0,124.0,124.0,0.989807348,736.4166667,744.0,FRANKLINAV-8AV-C,178,"Franklin Av (C,S)",627,"2,624"
7/1/21,Brooklyn,Elevator,EL339,5,2,3,1,2.0,0.948252688,117.5833333,124.0,0.975806452,121.0,124.0,0.961536738,715.3833333,744.0,FRANKLINAV-FRK-S,139,"Franklin Av (C,S)",627,"2,624"
8/1/21,Brooklyn,Elevator,EL339,3,2,1,0,3.0,1.0,124.0,124.0,0.97983871,121.5,124.0,0.988687276,735.5833333,744.0,FRANKLINAV-FRK-S,139,"Franklin Av (C,S)",627,"2,624"
8/1/21,Brooklyn,Elevator,EL340,2,2,0,0,3.0,1.0,124.0,124.0,1.0,124.0,124.0,0.992786738,738.6333333,744.0,FRANKLINAV-8AV-C,178,"Franklin Av (C,S)",627,"2,624"
9/1/21,Brooklyn,Elevator,EL339,6,3,3,1,4.0,0.961805556,115.4166667,120.0,0.966666667,116.0,120.0,0.958726852,690.2833333,720.0,FRANKLINAV-FRK-S,139,"Franklin Av (C,S)",627,"2,624"
9/1/21,Brooklyn,Elevator,EL340,4,2,2,1,4.0,0.965833333,115.9,120.0,0.966666667,116.0,120.0,0.955324074,687.8333333,720.0,FRANKLINAV-8AV-C,178,"Franklin Av (C,S)",627,"2,624"
10/1/21,Brooklyn,Elevator,EL340,2,1,1,0,5.0,1.0,124.0,124.0,1.0,124.0,124.0,0.992249104,738.2333333,744.0,FRANKLINAV-8AV-C,178,"Franklin Av (C,S)",627,"2,624"
10/1/21,Brooklyn,Elevator,EL339,7,3,4,3,5.0,0.976612903,121.1,124.0,0.99233871,123.05,124.0,0.96953405,721.3333333,744.0,FRANKLINAV-FRK-S,139,"Franklin Av (C,S)",627,"2,624"
11/1/21,Brooklyn,Elevator,EL339,4,3,1,1,6.0,0.9875,118.5,120.0,0.986527778,118.3833333,120.0,0.97974537,705.4166667,720.0,FRANKLINAV-FRK-S,139,"Franklin Av (C,S)",627,"2,624"
11/1/21,Brooklyn,Elevator,EL340,2,2,0,0,6.0,1.0,120.0,120.0,1.0,120.0,120.0,0.991851852,714.1333333,720.0,FRANKLINAV-8AV-C,178,"Franklin Av (C,S)",627,"2,624"
12/1/21,Brooklyn,Elevator,EL340,4,2,2,0,7.0,1.0,124.0,124.0,0.995564516,123.45,124.0,0.983198925,731.5,744.0,FRANKLINAV-8AV-C,178,"Franklin Av (C,S)",627,"2,624"
12/1/21,Brooklyn,Elevator,EL339,5,2,3,2,7.0,0.993951613,123.25,124.0,0.982526882,121.8333333,124.0,0.974036738,724.6833333,744.0,FRANKLINAV-FRK-S,139,"Franklin Av (C,S)",627,"2,624"
1/1/21,Brooklyn,Elevator,EL706,2,1,1,0,128.0,0.993951613,123.25,124.0,1.0,124.0,124.0,0.99280914,738.65,744.0,JAYST-METROTECH-8AV-A/C/F,174,"Jay St-MetroTech (A,C,F,R)",636,"14,340"
1/1/21,Brooklyn,Elevator,EL707,3,3,0,0,128.0,0.989784946,122.7333333,124.0,1.0,124.0,124.0,0.981832437,730.4833333,744.0,JAYST-METROTECH-8AV-A/C/F,174,"Jay St-MetroTech (A,C,F,R)",636,"14,340"
1/1/21,Brooklyn,Elevator,EL708,6,2,4,0,128.0,0.968951613,120.15,124.0,0.990591398,122.8333333,124.0,0.979054659,728.4166667,744.0,JAYST-METROTECH-8AV-A/C/F,174,"Jay St-MetroTech (A,C,F,R)",636,"14,340"
1/1/21,Brooklyn,Elevator,EL327X,0,0,0,0,,0.660349462,81.88333333,124.0,0.64516129,80.0,124.0,0.650582437,484.0333333,744.0,JAYST-METROTECH-BWY-R,25,"Jay St-MetroTech (A,C,F,R)",636,"14,340"
1/1/21,Brooklyn,Elevator,EL709,4,3,1,0,121.0,1.0,124.0,124.0,0.983870968,122.0,124.0,0.987768817,734.9,744.0,JAYST-METROTECH-BWY-R,25,"Jay St-MetroTech (A,C,F,R)",636,"14,340"
2/1/21,Brooklyn,Elevator,EL708,6,3,3,0,129.0,0.993303571,111.25,112.0,1.0,112.0,112.0,0.972321429,653.4,672.0,JAYST-METROTECH-8AV-A/C/F,174,"Jay St-MetroTech (A,C,F,R)",636,"14,340"
2/1/21,Brooklyn,Elevator,EL327X,0,0,0,0,,0.672619048,75.33333333,112.0,0.675595238,75.66666667,112.0,0.668874008,449.4833333,672.0,JAYST-METROTECH-BWY-R,25,"Jay St-MetroTech (A,C,F,R)",636,"14,340"
2/1/21,Brooklyn,Elevator,EL706,5,3,2,0,129.0,0.925744048,103.6833333,112.0,1.0,112.0,112.0,0.969444444,651.4666667,672.0,JAYST-METROTECH-8AV-A/C/F,174,"Jay St-MetroTech (A,C,F,R)",636,"14,340"
2/1/21,Brooklyn,Elevator,EL707,3,3,0,0,129.0,0.995535714,111.5,112.0,0.997767857,111.75,112.0,0.986979167,663.25,672.0,JAYST-METROTECH-8AV-A/C/F,174,"Jay St-MetroTech (A,C,F,R)",636,"14,340"
2/1/21,Brooklyn,Elevator,EL709,5,4,1,0,122.0,0.985119048,110.3333333,112.0,1.0,112.0,112.0,0.972048611,653.2166667,672.0,JAYST-METROTECH-BWY-R,25,"Jay St-MetroTech (A,C,F,R)",636,"14,340"
3/1/21,Brooklyn,Elevator,EL706,4,3,1,0,130.0,0.957916667,114.95,120.0,1.0,124.0,124.0,0.980770975,720.8666667,735.0,JAYST-METROTECH-8AV-A/C/F,174,"Jay St-MetroTech (A,C,F,R)",636,"14,340"
3/1/21,Brooklyn,Elevator,EL708,5,1,4,0,130.0,0.990456989,122.8166667,124.0,0.997849462,123.7333333,124.0,0.984184588,732.2333333,744.0,JAYST-METROTECH-8AV-A/C/F,174,"Jay St-MetroTech (A,C,F,R)",636,"14,340"
3/1/21,Brooklyn,Elevator,EL709,2,2,0,0,123.0,1.0,124.0,124.0,1.0,124.0,124.0,0.988776882,735.65,744.0,JAYST-METROTECH-BWY-R,25,"Jay St-MetroTech (A,C,F,R)",636,"14,340"
3/1/21,Brooklyn,Elevator,EL707,1,1,0,0,130.0,1.0,124.0,124.0,1.0,124.0,124.0,0.992137097,738.15,744.0,JAYST-METROTECH-8AV-A/C/F,174,"Jay St-MetroTech (A,C,F,R)",636,"14,340"
3/1/21,Brooklyn,Elevator,EL327X,0,0,0,0,,1.0,124.0,124.0,1.0,124.0,124.0,1.0,744.0,744.0,JAYST-METROTECH-BWY-R,25,"Jay St-MetroTech (A,C,F,R)",636,"14,340"
4/1/21,Brooklyn,Elevator,EL709,1,1,0,0,124.0,0.983333333,118.0,120.0,1.0,120.0,120.0,0.993055556,715.0,720.0,JAYST-METROTECH-BWY-R,25,"Jay St-MetroTech (A,C,F,R)",636,"14,340"
4/1/21,Brooklyn,Elevator,EL707,1,1,0,0,131.0,1.0,120.0,120.0,1.0,120.0,120.0,0.994444444,716.0,720.0,JAYST-METROTECH-8AV-A/C/F,174,"Jay St-MetroTech (A,C,F,R)",636,"14,340"
4/1/21,Brooklyn,Elevator,EL327X,0,0,0,0,,0.991527778,118.9833333,120.0,1.0,120.0,120.0,0.99650463,717.4833333,720.0,JAYST-METROTECH-BWY-R,25,"Jay St-MetroTech (A,C,F,R)",636,"14,340"
4/1/21,Brooklyn,Elevator,EL706,1,1,0,0,131.0,1.0,120.0,120.0,1.0,120.0,120.0,0.991666667,714.0,720.0,JAYST-METROTECH-8AV-A/C/F,174,"Jay St-MetroTech (A,C,F,R)",636,"14,340"
4/1/21,Brooklyn,Elevator,EL708,4,2,2,0,131.0,0.967916667,116.15,120.0,1.0,120.0,120.0,0.989212963,712.2333333,720.0,JAYST-METROTECH-8AV-A/C/F,174,"Jay St-MetroTech (A,C,F,R)",636,"14,340"
5/1/21,Brooklyn,Elevator,EL707,2,2,0,0,132.0,1.0,124.0,124.0,1.0,124.0,124.0,0.989135305,735.9166667,744.0,JAYST-METROTECH-8AV-A/C/F,174,"Jay St-MetroTech (A,C,F,R)",636,"14,340"
5/1/21,Brooklyn,Elevator,EL709,2,1,1,0,125.0,1.0,124.0,124.0,0.98844086,122.5666667,124.0,0.986536738,733.9833333,744.0,JAYST-METROTECH-BWY-R,25,"Jay St-MetroTech (A,C,F,R)",636,"14,340"
5/1/21,Brooklyn,Elevator,EL708,5,1,4,0,132.0,1.0,124.0,124.0,0.959005376,118.9166667,124.0,0.98062276,729.5833333,744.0,JAYST-METROTECH-8AV-A/C/F,174,"Jay St-MetroTech (A,C,F,R)",636,"14,340"
5/1/21,Brooklyn,Elevator,EL706,3,2,1,0,132.0,1.0,124.0,124.0,1.0,124.0,124.0,0.985147849,732.95,744.0,JAYST-METROTECH-8AV-A/C/F,174,"Jay St-MetroTech (A,C,F,R)",636,"14,340"
5/1/21,Brooklyn,Elevator,EL327X,0,0,0,0,,1.0,124.0,124.0,1.0,124.0,124.0,1.0,744.0,744.0,JAYST-METROTECH-BWY-R,25,"Jay St-MetroTech (A,C,F,R)",636,"14,340"
6/1/21,Brooklyn,Elevator,EL707,3,1,2,0,133.0,0.995,119.4,120.0,0.988194444,118.5833333,120.0,0.98212963,707.1333333,720.0,JAYST-METROTECH-8AV-A/C/F,174,"Jay St-MetroTech (A,C,F,R)",636,"14,340"
6/1/21,Brooklyn,Elevator,EL709,2,1,1,1,126.0,1.0,120.0,120.0,1.0,120.0,120.0,0.990162037,712.9166667,720.0,JAYST-METROTECH-BWY-R,25,"Jay St-MetroTech (A,C,F,R)",636,"14,340"
6/1/21,Brooklyn,Elevator,EL706,5,2,3,0,133.0,0.984027778,118.0833333,120.0,0.991666667,119.0,120.0,0.982662037,707.5166667,720.0,JAYST-METROTECH-8AV-A/C/F,174,"Jay St-MetroTech (A,C,F,R)",636,"14,340"
6/1/21,Brooklyn,Elevator,EL708,4,1,3,0,133.0,1.0,120.0,120.0,1.0,120.0,120.0,0.988634259,711.8166667,720.0,JAYST-METROTECH-8AV-A/C/F,174,"Jay St-MetroTech (A,C,F,R)",636,"14,340"
6/1/21,Brooklyn,Elevator,EL327X,0,0,0,0,,1.0,120.0,120.0,1.0,120.0,120.0,1.0,720.0,720.0,JAYST-METROTECH-BWY-R,25,"Jay St-MetroTech (A,C,F,R)",636,"14,340"
7/1/21,Brooklyn,Elevator,EL327X,0,0,0,0,,0.969758065,120.25,124.0,1.0,124.0,124.0,0.987522401,734.7166667,744.0,JAYST-METROTECH-BWY-R,25,"Jay St-MetroTech (A,C,F,R)",636,"14,340"
7/1/21,Brooklyn,Elevator,EL706,8,6,2,0,134.0,0.95766129,118.75,124.0,0.989516129,122.7,124.0,0.969175627,721.0666667,744.0,JAYST-METROTECH-8AV-A/C/F,174,"Jay St-MetroTech (A,C,F,R)",636,"14,340"
7/1/21,Brooklyn,Elevator,EL708,10,5,5,0,134.0,0.979435484,121.45,124.0,0.991666667,122.9666667,124.0,0.959789427,714.0833333,744.0,JAYST-METROTECH-8AV-A/C/F,174,"Jay St-MetroTech (A,C,F,R)",636,"14,340"
7/1/21,Brooklyn,Elevator,EL709,2,2,0,0,127.0,1.0,124.0,124.0,1.0,124.0,124.0,0.986335125,733.8333333,744.0,JAYST-METROTECH-BWY-R,25,"Jay St-MetroTech (A,C,F,R)",636,"14,340"
7/1/21,Brooklyn,Elevator,EL707,3,2,1,0,134.0,1.0,124.0,124.0,1.0,124.0,124.0,0.985976703,733.5666667,744.0,JAYST-METROTECH-8AV-A/C/F,174,"Jay St-MetroTech (A,C,F,R)",636,"14,340"
8/1/21,Brooklyn,Elevator,EL709,2,1,1,0,128.0,1.0,124.0,124.0,0.990860215,122.8666667,124.0,0.986827957,734.2,744.0,JAYST-METROTECH-BWY-R,25,"Jay St-MetroTech (A,C,F,R)",636,"14,340"
8/1/21,Brooklyn,Elevator,EL708,3,2,1,0,135.0,0.983870968,122.0,124.0,0.999327957,123.9166667,124.0,0.987007168,734.3333333,744.0,JAYST-METROTECH-8AV-A/C/F,174,"Jay St-MetroTech (A,C,F,R)",636,"14,340"
8/1/21,Brooklyn,Elevator,EL707,1,1,0,0,135.0,1.0,124.0,124.0,1.0,124.0,124.0,0.992002688,738.05,744.0,JAYST-METROTECH-8AV-A/C/F,174,"Jay St-MetroTech (A,C,F,R)",636,"14,340"
8/1/21,Brooklyn,Elevator,EL327X,0,0,0,0,,0.580645161,72.0,124.0,0.548387097,68.0,124.0,0.563418459,419.1833333,744.0,JAYST-METROTECH-BWY-R,25,"Jay St-MetroTech (A,C,F,R)",636,"14,340"
8/1/21,Brooklyn,Elevator,EL706,2,2,0,0,135.0,1.0,124.0,124.0,1.0,124.0,124.0,0.991935484,738.0,744.0,JAYST-METROTECH-8AV-A/C/F,174,"Jay St-MetroTech (A,C,F,R)",636,"14,340"
9/1/21,Brooklyn,Elevator,EL327X,0,0,0,0,,0.509027778,61.08333333,120.0,0.507361111,60.88333333,120.0,0.512106481,368.7166667,720.0,JAYST-METROTECH-BWY-R,25,"Jay St-MetroTech (A,C,F,R)",636,"14,340"
9/1/21,Brooklyn,Elevator,EL706,4,1,3,1,136.0,0.993055556,119.1666667,120.0,0.969444444,116.3333333,120.0,0.984259259,708.6666667,720.0,JAYST-METROTECH-8AV-A/C/F,174,"Jay St-MetroTech (A,C,F,R)",636,"14,340"
9/1/21,Brooklyn,Elevator,EL708,3,2,1,0,136.0,0.996527778,119.5833333,120.0,1.0,120.0,120.0,0.989421296,712.3833333,720.0,JAYST-METROTECH-8AV-A/C/F,174,"Jay St-MetroTech (A,C,F,R)",636,"14,340"
9/1/21,Brooklyn,Elevator,EL709,1,1,0,0,129.0,1.0,120.0,120.0,1.0,120.0,120.0,0.99224537,714.4166667,720.0,JAYST-METROTECH-BWY-R,25,"Jay St-MetroTech (A,C,F,R)",636,"14,340"
9/1/21,Brooklyn,Elevator,EL707,1,1,0,0,136.0,1.0,120.0,120.0,1.0,120.0,120.0,0.99212963,714.3333333,720.0,JAYST-METROTECH-8AV-A/C/F,174,"Jay St-MetroTech (A,C,F,R)",636,"14,340"
10/1/21,Brooklyn,Elevator,EL706,2,1,1,0,137.0,0.991935484,123.0,124.0,1.0,124.0,124.0,0.990927419,737.25,744.0,JAYST-METROTECH-8AV-A/C/F,174,"Jay St-MetroTech (A,C,F,R)",636,"14,340"
10/1/21,Brooklyn,Elevator,EL327X,0,0,0,0,,0.838709677,104.0,124.0,0.824731183,102.2666667,124.0,0.835125448,621.3333333,744.0,JAYST-METROTECH-BWY-R,25,"Jay St-MetroTech (A,C,F,R)",636,"14,340"
10/1/21,Brooklyn,Elevator,EL708,5,2,3,1,137.0,0.986424731,122.3166667,124.0,1.0,124.0,124.0,0.983669355,731.85,744.0,JAYST-METROTECH-8AV-A/C/F,174,"Jay St-MetroTech (A,C,F,R)",636,"14,340"
10/1/21,Brooklyn,Elevator,EL709,5,1,4,0,130.0,0.979166667,121.4166667,124.0,0.973924731,120.7666667,124.0,0.973924731,724.6,744.0,JAYST-METROTECH-BWY-R,25,"Jay St-MetroTech (A,C,F,R)",636,"14,340"
10/1/21,Brooklyn,Elevator,EL707,9,1,8,0,137.0,0.993548387,123.2,124.0,0.933870968,115.8,124.0,0.953987455,709.7666667,744.0,JAYST-METROTECH-8AV-A/C/F,174,"Jay St-MetroTech (A,C,F,R)",636,"14,340"
11/1/21,Brooklyn,Elevator,EL706,5,2,3,2,138.0,0.959444444,115.1333333,120.0,0.985833333,118.3,120.0,0.976296296,702.9333333,720.0,JAYST-METROTECH-8AV-A/C/F,174,"Jay St-MetroTech (A,C,F,R)",636,"14,340"
11/1/21,Brooklyn,Elevator,EL709,1,1,0,0,131.0,1.0,120.0,120.0,1.0,120.0,120.0,0.992476852,714.5833333,720.0,JAYST-METROTECH-BWY-R,25,"Jay St-MetroTech (A,C,F,R)",636,"14,340"
11/1/21,Brooklyn,Elevator,EL708,3,1,2,1,138.0,0.986527778,118.3833333,120.0,1.0,120.0,120.0,0.98525463,709.3833333,720.0,JAYST-METROTECH-8AV-A/C/F,174,"Jay St-MetroTech (A,C,F,R)",636,"14,340"
11/1/21,Brooklyn,Elevator,EL707,3,2,1,0,138.0,0.952777778,114.3333333,120.0,1.0,120.0,120.0,0.97025463,698.5833333,720.0,JAYST-METROTECH-8AV-A/C/F,174,"Jay St-MetroTech (A,C,F,R)",636,"14,340"
11/1/21,Brooklyn,Elevator,EL327X,0,0,0,0,,0.9,108.0,120.0,0.9,108.0,120.0,0.899027778,647.3,720.0,JAYST-METROTECH-BWY-R,25,"Jay St-MetroTech (A,C,F,R)",636,"14,340"
12/1/21,Brooklyn,Elevator,EL707,3,1,2,1,139.0,0.971774194,120.5,124.0,1.0,124.0,124.0,0.978091398,727.7,744.0,JAYST-METROTECH-8AV-A/C/F,174,"Jay St-MetroTech (A,C,F,R)",636,"14,340"
12/1/21,Brooklyn,Elevator,EL709,1,1,0,0,132.0,1.0,124.0,124.0,1.0,124.0,124.0,0.99249552,738.4166667,744.0,JAYST-METROTECH-BWY-R,25,"Jay St-MetroTech (A,C,F,R)",636,"14,340"
12/1/21,Brooklyn,Elevator,EL708,5,2,3,0,139.0,0.991935484,123.0,124.0,1.0,124.0,124.0,0.987791219,734.9166667,744.0,JAYST-METROTECH-8AV-A/C/F,174,"Jay St-MetroTech (A,C,F,R)",636,"14,340"
12/1/21,Brooklyn,Elevator,EL706,6,2,4,1,139.0,0.973924731,120.7666667,124.0,0.954435484,118.35,124.0,0.95078405,707.3833333,744.0,JAYST-METROTECH-8AV-A/C/F,174,"Jay St-MetroTech (A,C,F,R)",636,"14,340"
12/1/21,Brooklyn,Elevator,EL327X,0,0,0,0,,1.0,124.0,124.0,1.0,124.0,124.0,1.0,744.0,744.0,JAYST-METROTECH-BWY-R,25,"Jay St-MetroTech (A,C,F,R)",636,"14,340"
1/1/21,Brooklyn,Elevator,EL741,1,1,0,0,18.0,1.0,124.0,124.0,1.0,124.0,124.0,0.992517921,738.4333333,744.0,NEWUTRECHTAV-SEA-N,73,New Utrecht Av (N)/62 St (D),615,"2,814"
1/1/21,Brooklyn,Elevator,EL740,2,1,1,0,18.0,0.998521505,123.8166667,124.0,0.969758065,120.25,124.0,0.980824373,729.7333333,744.0,NEWUTRECHTAV-SEA-N,73,New Utrecht Av (N)/62 St (D),615,"2,814"
1/1/21,Brooklyn,Elevator,EL739,2,2,0,0,18.0,1.0,124.0,124.0,1.0,124.0,124.0,0.986917563,734.2666667,744.0,NEWUTRECHTAV-SEA-N,73,New Utrecht Av (N)/62 St (D),615,"2,814"
1/1/21,Brooklyn,Elevator,EL738,6,1,5,0,18.0,1.0,124.0,124.0,0.93844086,116.3666667,124.0,0.962948029,716.4333333,744.0,NEWUTRECHTAV-SEA-N,73,New Utrecht Av (N)/62 St (D),615,"2,814"
2/1/21,Brooklyn,Elevator,EL741,6,2,4,0,19.0,0.947619048,106.1333333,112.0,0.960565476,107.5833333,112.0,0.940426587,631.9666667,672.0,NEWUTRECHTAV-SEA-N,73,New Utrecht Av (N)/62 St (D),615,"2,814"
2/1/21,Brooklyn,Elevator,EL740,2,2,0,0,19.0,1.0,112.0,112.0,1.0,112.0,112.0,0.986011905,662.6,672.0,NEWUTRECHTAV-SEA-N,73,New Utrecht Av (N)/62 St (D),615,"2,814"
2/1/21,Brooklyn,Elevator,EL739,3,1,2,0,19.0,0.973214286,109.0,112.0,0.964285714,108.0,112.0,0.959176587,644.5666667,672.0,NEWUTRECHTAV-SEA-N,73,New Utrecht Av (N)/62 St (D),615,"2,814"
2/1/21,Brooklyn,Elevator,EL738,2,2,0,0,19.0,1.0,112.0,112.0,1.0,112.0,112.0,0.984821429,661.8,672.0,NEWUTRECHTAV-SEA-N,73,New Utrecht Av (N)/62 St (D),615,"2,814"
3/1/21,Brooklyn,Elevator,EL740,1,1,0,0,20.0,1.0,124.0,124.0,1.0,124.0,124.0,0.992159498,738.1666667,744.0,NEWUTRECHTAV-SEA-N,73,New Utrecht Av (N)/62 St (D),615,"2,814"
3/1/21,Brooklyn,Elevator,EL741,2,1,1,0,20.0,1.0,124.0,124.0,0.969086022,120.1666667,124.0,0.986648746,734.0666667,744.0,NEWUTRECHTAV-SEA-N,73,New Utrecht Av (N)/62 St (D),615,"2,814"
3/1/21,Brooklyn,Elevator,EL739,1,1,0,0,20.0,1.0,124.0,124.0,1.0,124.0,124.0,0.991845878,737.9333333,744.0,NEWUTRECHTAV-SEA-N,73,New Utrecht Av (N)/62 St (D),615,"2,814"
3/1/21,Brooklyn,Elevator,EL738,1,1,0,0,20.0,0.988575269,122.5833333,124.0,1.0,124.0,124.0,0.994175627,739.6666667,744.0,NEWUTRECHTAV-SEA-N,73,New Utrecht Av (N)/62 St (D),615,"2,814"
4/1/21,Brooklyn,Elevator,EL741,1,1,0,0,21.0,1.0,120.0,120.0,1.0,120.0,120.0,0.991712963,714.0333333,720.0,NEWUTRECHTAV-SEA-N,73,New Utrecht Av (N)/62 St (D),615,"2,814"
4/1/21,Brooklyn,Elevator,EL739,1,1,0,0,21.0,1.0,120.0,120.0,1.0,120.0,120.0,0.991643519,713.9833333,720.0,NEWUTRECHTAV-SEA-N,73,New Utrecht Av (N)/62 St (D),615,"2,814"
4/1/21,Brooklyn,Elevator,EL738,1,1,0,0,21.0,1.0,120.0,120.0,1.0,120.0,120.0,0.991666667,714.0,720.0,NEWUTRECHTAV-SEA-N,73,New Utrecht Av (N)/62 St (D),615,"2,814"
4/1/21,Brooklyn,Elevator,EL740,2,1,1,0,21.0,1.0,120.0,120.0,1.0,120.0,120.0,0.989861111,712.7,720.0,NEWUTRECHTAV-SEA-N,73,New Utrecht Av (N)/62 St (D),615,"2,814"
5/1/21,Brooklyn,Elevator,EL740,1,1,0,0,22.0,1.0,124.0,124.0,1.0,124.0,124.0,0.993503584,739.1666667,744.0,NEWUTRECHTAV-SEA-N,73,New Utrecht Av (N)/62 St (D),615,"2,814"
5/1/21,Brooklyn,Elevator,EL739,3,2,1,0,22.0,1.0,124.0,124.0,0.97983871,121.5,124.0,0.981272401,730.0666667,744.0,NEWUTRECHTAV-SEA-N,73,New Utrecht Av (N)/62 St (D),615,"2,814"
5/1/21,Brooklyn,Elevator,EL738,2,1,1,0,22.0,1.0,124.0,124.0,0.967741935,120.0,124.0,0.979569892,728.8,744.0,NEWUTRECHTAV-SEA-N,73,New Utrecht Av (N)/62 St (D),615,"2,814"
5/1/21,Brooklyn,Elevator,EL741,3,1,2,1,22.0,1.0,124.0,124.0,0.973655914,120.7333333,124.0,0.985147849,732.95,744.0,NEWUTRECHTAV-SEA-N,73,New Utrecht Av (N)/62 St (D),615,"2,814"
6/1/21,Brooklyn,Elevator,EL741,4,1,3,2,23.0,0.986111111,118.3333333,120.0,0.970833333,116.5,120.0,0.978819444,704.75,720.0,NEWUTRECHTAV-SEA-N,73,New Utrecht Av (N)/62 St (D),615,"2,814"
6/1/21,Brooklyn,Elevator,EL739,1,1,0,0,23.0,1.0,120.0,120.0,1.0,120.0,120.0,0.99275463,714.7833333,720.0,NEWUTRECHTAV-SEA-N,73,New Utrecht Av (N)/62 St (D),615,"2,814"
6/1/21,Brooklyn,Elevator,EL738,2,1,1,0,23.0,1.0,120.0,120.0,0.995416667,119.45,120.0,0.990555556,713.2,720.0,NEWUTRECHTAV-SEA-N,73,New Utrecht Av (N)/62 St (D),615,"2,814"
6/1/21,Brooklyn,Elevator,EL740,1,1,0,0,23.0,1.0,120.0,120.0,1.0,120.0,120.0,0.9925,714.6,720.0,NEWUTRECHTAV-SEA-N,73,New Utrecht Av (N)/62 St (D),615,"2,814"
7/1/21,Brooklyn,Elevator,EL740,2,2,0,0,24.0,1.0,124.0,124.0,1.0,124.0,124.0,0.986447133,733.9166667,744.0,NEWUTRECHTAV-SEA-N,73,New Utrecht Av (N)/62 St (D),615,"2,814"
7/1/21,Brooklyn,Elevator,EL739,3,2,1,1,24.0,1.0,124.0,124.0,0.967741935,120.0,124.0,0.96922043,721.1,744.0,NEWUTRECHTAV-SEA-N,73,New Utrecht Av (N)/62 St (D),615,"2,814"
7/1/21,Brooklyn,Elevator,EL741,3,2,1,0,24.0,1.0,124.0,124.0,0.986827957,122.3666667,124.0,0.985819892,733.45,744.0,NEWUTRECHTAV-SEA-N,73,New Utrecht Av (N)/62 St (D),615,"2,814"
7/1/21,Brooklyn,Elevator,EL738,3,2,1,0,24.0,1.0,124.0,124.0,0.991666667,122.9666667,124.0,0.986223118,733.75,744.0,NEWUTRECHTAV-SEA-N,73,New Utrecht Av (N)/62 St (D),615,"2,814"
8/1/21,Brooklyn,Elevator,EL741,4,4,0,0,25.0,1.0,124.0,124.0,0.978494624,121.3333333,124.0,0.988015233,735.0833333,744.0,NEWUTRECHTAV-SEA-N,73,New Utrecht Av (N)/62 St (D),615,"2,814"
8/1/21,Brooklyn,Elevator,EL740,5,5,0,0,25.0,0.995295699,123.4166667,124.0,0.974462366,120.8333333,124.0,0.986895161,734.25,744.0,NEWUTRECHTAV-SEA-N,73,New Utrecht Av (N)/62 St (D),615,"2,814"
8/1/21,Brooklyn,Elevator,EL738,1,1,0,0,25.0,1.0,124.0,124.0,1.0,124.0,124.0,0.992271505,738.25,744.0,NEWUTRECHTAV-SEA-N,73,New Utrecht Av (N)/62 St (D),615,"2,814"
8/1/21,Brooklyn,Elevator,EL739,2,1,1,0,25.0,1.0,124.0,124.0,0.982795699,121.8666667,124.0,0.989740143,736.3666667,744.0,NEWUTRECHTAV-SEA-N,73,New Utrecht Av (N)/62 St (D),615,"2,814"
9/1/21,Brooklyn,Elevator,EL738,4,2,2,0,26.0,0.99125,118.95,120.0,0.972222222,116.6666667,120.0,0.980833333,706.2,720.0,NEWUTRECHTAV-SEA-N,73,New Utrecht Av (N)/62 St (D),615,"2,814"
9/1/21,Brooklyn,Elevator,EL740,2,2,0,0,26.0,1.0,120.0,120.0,1.0,120.0,120.0,0.991550926,713.9166667,720.0,NEWUTRECHTAV-SEA-N,73,New Utrecht Av (N)/62 St (D),615,"2,814"
9/1/21,Brooklyn,Elevator,EL741,2,1,1,0,26.0,0.990972222,118.9166667,120.0,1.0,120.0,120.0,0.98974537,712.6166667,720.0,NEWUTRECHTAV-SEA-N,73,New Utrecht Av (N)/62 St (D),615,"2,814"
9/1/21,Brooklyn,Elevator,EL739,1,1,0,0,26.0,1.0,120.0,120.0,1.0,120.0,120.0,0.992893519,714.8833333,720.0,NEWUTRECHTAV-SEA-N,73,New Utrecht Av (N)/62 St (D),615,"2,814"
10/1/21,Brooklyn,Elevator,EL740,1,1,0,0,27.0,1.0,124.0,124.0,1.0,124.0,124.0,0.992831541,738.6666667,744.0,NEWUTRECHTAV-SEA-N,73,New Utrecht Av (N)/62 St (D),615,"2,814"
10/1/21,Brooklyn,Elevator,EL741,1,1,0,0,27.0,0.98938172,122.6833333,124.0,1.0,124.0,124.0,0.993413978,739.1,744.0,NEWUTRECHTAV-SEA-N,73,New Utrecht Av (N)/62 St (D),615,"2,814"
10/1/21,Brooklyn,Elevator,EL738,4,3,1,0,27.0,0.992473118,123.0666667,124.0,0.977150538,121.1666667,124.0,0.984565412,732.5166667,744.0,NEWUTRECHTAV-SEA-N,73,New Utrecht Av (N)/62 St (D),615,"2,814"
10/1/21,Brooklyn,Elevator,EL739,1,1,0,0,27.0,1.0,124.0,124.0,1.0,124.0,124.0,0.992831541,738.6666667,744.0,NEWUTRECHTAV-SEA-N,73,New Utrecht Av (N)/62 St (D),615,"2,814"
11/1/21,Brooklyn,Elevator,EL741,3,1,2,0,28.0,1.0,120.0,120.0,0.97875,117.45,120.0,0.987615741,711.0833333,720.0,NEWUTRECHTAV-SEA-N,73,New Utrecht Av (N)/62 St (D),615,"2,814"
11/1/21,Brooklyn,Elevator,EL738,3,2,1,0,28.0,0.996944444,119.6333333,120.0,1.0,120.0,120.0,0.985138889,709.3,720.0,NEWUTRECHTAV-SEA-N,73,New Utrecht Av (N)/62 St (D),615,"2,814"
11/1/21,Brooklyn,Elevator,EL740,1,1,0,0,28.0,0.985416667,118.25,120.0,1.0,120.0,120.0,0.994375,715.95,720.0,NEWUTRECHTAV-SEA-N,73,New Utrecht Av (N)/62 St (D),615,"2,814"
11/1/21,Brooklyn,Elevator,EL739,4,2,2,1,28.0,0.985833333,118.3,120.0,0.996666667,119.6,120.0,0.967546296,696.6333333,720.0,NEWUTRECHTAV-SEA-N,73,New Utrecht Av (N)/62 St (D),615,"2,814"
12/1/21,Brooklyn,Elevator,EL741,1,1,0,0,29.0,1.0,124.0,124.0,1.0,124.0,124.0,0.993839606,739.4166667,744.0,NEWUTRECHTAV-SEA-N,73,New Utrecht Av (N)/62 St (D),615,"2,814"
12/1/21,Brooklyn,Elevator,EL738,3,3,0,0,29.0,0.993682796,123.2166667,124.0,1.0,124.0,124.0,0.985349462,733.1,744.0,NEWUTRECHTAV-SEA-N,73,New Utrecht Av (N)/62 St (D),615,"2,814"
12/1/21,Brooklyn,Elevator,EL739,5,4,1,0,29.0,0.964112903,119.55,124.0,1.0,124.0,124.0,0.972939068,723.8666667,744.0,NEWUTRECHTAV-SEA-N,73,New Utrecht Av (N)/62 St (D),615,"2,814"
12/1/21,Brooklyn,Elevator,EL740,1,1,0,0,29.0,1.0,124.0,124.0,1.0,124.0,124.0,0.99327957,739.0,744.0,NEWUTRECHTAV-SEA-N,73,New Utrecht Av (N)/62 St (D),615,"2,814"
1/1/21,Manhattan,Elevator,EL223,3,3,0,0,221.0,0.978494624,121.3333333,124.0,1.0,124.0,124.0,0.984610215,732.55,744.0,14ST-8AV-A/C/E,166,"14 St (A,C,E)/8 Av (L)",618,"17,710"
1/1/21,Manhattan,Elevator,EL222,3,3,0,0,220.0,0.993145161,123.15,124.0,1.0,124.0,124.0,0.988620072,735.5333333,744.0,14ST-8AV-A/C/E,166,"14 St (A,C,E)/8 Av (L)",618,"17,710"
1/1/21,Manhattan,Elevator,EL221,6,5,1,0,221.0,0.953629032,118.25,124.0,0.95094086,117.9166667,124.0,0.947379032,704.85,744.0,8AV-CNR-L,115,"14 St (A,C,E)/8 Av (L)",618,"17,710"
1/1/21,Manhattan,Elevator,EL224,2,1,1,1,219.0,0.992741935,123.1,124.0,0.97311828,120.6666667,124.0,0.984094982,732.1666667,744.0,8AV-CNR-L,115,"14 St (A,C,E)/8 Av (L)",618,"17,710"
2/1/21,Manhattan,Elevator,EL223,4,4,0,0,222.0,0.982142857,110.0,112.0,1.0,112.0,112.0,0.975892857,655.8,672.0,14ST-8AV-A/C/E,166,"14 St (A,C,E)/8 Av (L)",618,"17,710"
2/1/21,Manhattan,Elevator,EL222,10,6,4,1,221.0,0.910119048,101.9333333,112.0,0.955059524,106.9666667,112.0,0.933085317,627.0333333,672.0,14ST-8AV-A/C/E,166,"14 St (A,C,E)/8 Av (L)",618,"17,710"
2/1/21,Manhattan,Elevator,EL221,4,3,1,0,222.0,0.992410714,111.15,112.0,0.964285714,108.0,112.0,0.962673611,646.9166667,672.0,8AV-CNR-L,115,"14 St (A,C,E)/8 Av (L)",618,"17,710"
2/1/21,Manhattan,Elevator,EL224,2,1,1,1,220.0,1.0,112.0,112.0,0.993005952,111.2166667,112.0,0.988045635,663.9666667,672.0,8AV-CNR-L,115,"14 St (A,C,E)/8 Av (L)",618,"17,710"
3/1/21,Manhattan,Elevator,EL222,2,2,0,0,222.0,1.0,124.0,124.0,1.0,124.0,124.0,0.985147849,732.95,744.0,14ST-8AV-A/C/E,166,"14 St (A,C,E)/8 Av (L)",618,"17,710"
3/1/21,Manhattan,Elevator,EL223,2,2,0,0,223.0,1.0,124.0,124.0,1.0,124.0,124.0,0.986738351,734.1333333,744.0,14ST-8AV-A/C/E,166,"14 St (A,C,E)/8 Av (L)",618,"17,710"
3/1/21,Manhattan,Elevator,EL224,3,3,0,0,221.0,0.991263441,122.9166667,124.0,1.0,124.0,124.0,0.979233871,728.55,744.0,8AV-CNR-L,115,"14 St (A,C,E)/8 Av (L)",618,"17,710"
3/1/21,Manhattan,Elevator,EL221,6,4,2,0,223.0,0.944892473,117.1666667,124.0,1.0,124.0,124.0,0.958870968,713.4,744.0,8AV-CNR-L,115,"14 St (A,C,E)/8 Av (L)",618,"17,710"
4/1/21,Manhattan,Elevator,EL223,1,1,0,0,224.0,1.0,120.0,120.0,1.0,120.0,120.0,0.99150463,713.8833333,720.0,14ST-8AV-A/C/E,166,"14 St (A,C,E)/8 Av (L)",618,"17,710"
4/1/21,Manhattan,Elevator,EL224,4,1,3,3,222.0,0.966666667,116.0,120.0,1.0,120.0,120.0,0.960393519,691.4833333,720.0,8AV-CNR-L,115,"14 St (A,C,E)/8 Av (L)",618,"17,710"
4/1/21,Manhattan,Elevator,EL222,2,1,1,0,223.0,1.0,120.0,120.0,0.981388889,117.7666667,120.0,0.988888889,712.0,720.0,14ST-8AV-A/C/E,166,"14 St (A,C,E)/8 Av (L)",618,"17,710"
4/1/21,Manhattan,Elevator,EL221,1,1,0,0,224.0,1.0,120.0,120.0,1.0,120.0,120.0,0.994212963,715.8333333,720.0,8AV-CNR-L,115,"14 St (A,C,E)/8 Av (L)",618,"17,710"
5/1/21,Manhattan,Elevator,EL221,2,2,0,0,225.0,1.0,124.0,124.0,1.0,124.0,124.0,0.990927419,737.25,744.0,8AV-CNR-L,115,"14 St (A,C,E)/8 Av (L)",618,"17,710"
5/1/21,Manhattan,Elevator,EL222,2,1,1,0,224.0,0.97983871,121.5,124.0,1.0,124.0,124.0,0.988328853,735.3166667,744.0,14ST-8AV-A/C/E,166,"14 St (A,C,E)/8 Av (L)",618,"17,710"
5/1/21,Manhattan,Elevator,EL224,11,5,6,5,223.0,0.831989247,103.1666667,124.0,0.870295699,107.9166667,124.0,0.831922043,618.95,744.0,8AV-CNR-L,115,"14 St (A,C,E)/8 Av (L)",618,"17,710"
5/1/21,Manhattan,Elevator,EL223,1,1,0,0,225.0,1.0,124.0,124.0,1.0,124.0,124.0,0.991666667,737.8,744.0,14ST-8AV-A/C/E,166,"14 St (A,C,E)/8 Av (L)",618,"17,710"
6/1/21,Manhattan,Elevator,EL223,2,1,1,0,226.0,0.985833333,118.3,120.0,1.0,120.0,120.0,0.989143519,712.1833333,720.0,14ST-8AV-A/C/E,166,"14 St (A,C,E)/8 Av (L)",618,"17,710"
6/1/21,Manhattan,Elevator,EL224,4,3,1,0,224.0,0.983472222,118.0166667,120.0,1.0,120.0,120.0,0.978425926,704.4666667,720.0,8AV-CNR-L,115,"14 St (A,C,E)/8 Av (L)",618,"17,710"
6/1/21,Manhattan,Elevator,EL221,3,1,2,1,226.0,0.987638889,118.5166667,120.0,0.995833333,119.5,120.0,0.985023148,709.2166667,720.0,8AV-CNR-L,115,"14 St (A,C,E)/8 Av (L)",618,"17,710"
6/1/21,Manhattan,Elevator,EL222,5,1,4,0,225.0,0.931388889,111.7666667,120.0,1.0,120.0,120.0,0.971319444,699.35,720.0,14ST-8AV-A/C/E,166,"14 St (A,C,E)/8 Av (L)",618,"17,710"
7/1/21,Manhattan,Elevator,EL222,10,2,8,2,226.0,0.937903226,116.3,124.0,0.938306452,116.35,124.0,0.948543907,705.7166667,744.0,14ST-8AV-A/C/E,166,"14 St (A,C,E)/8 Av (L)",618,"17,710"
7/1/21,Manhattan,Elevator,EL224,2,1,1,0,225.0,1.0,124.0,124.0,0.968413978,120.0833333,124.0,0.987051971,734.3666667,744.0,8AV-CNR-L,115,"14 St (A,C,E)/8 Av (L)",618,"17,710"
7/1/21,Manhattan,Elevator,EL221,4,2,2,2,227.0,1.0,124.0,124.0,1.0,124.0,124.0,0.978382616,727.9166667,744.0,8AV-CNR-L,115,"14 St (A,C,E)/8 Av (L)",618,"17,710"
7/1/21,Manhattan,Elevator,EL223,2,1,1,0,227.0,1.0,124.0,124.0,0.96827957,120.0666667,124.0,0.985506272,733.2166667,744.0,14ST-8AV-A/C/E,166,"14 St (A,C,E)/8 Av (L)",618,"17,710"
8/1/21,Manhattan,Elevator,EL221,2,2,0,0,228.0,1.0,124.0,124.0,1.0,124.0,124.0,0.993055556,738.8333333,744.0,8AV-CNR-L,115,"14 St (A,C,E)/8 Av (L)",618,"17,710"
8/1/21,Manhattan,Elevator,EL224,10,8,2,1,226.0,0.778225806,96.5,124.0,0.941532258,116.75,124.0,0.875985663,651.7333333,744.0,8AV-CNR-L,115,"14 St (A,C,E)/8 Av (L)",618,"17,710"
8/1/21,Manhattan,Elevator,EL222,6,3,3,1,227.0,0.741935484,92.0,124.0,0.677419355,84.0,124.0,0.715882616,532.6166667,744.0,14ST-8AV-A/C/E,166,"14 St (A,C,E)/8 Av (L)",618,"17,710"
8/1/21,Manhattan,Elevator,EL223,2,2,0,0,228.0,1.0,124.0,124.0,1.0,124.0,124.0,0.986447133,733.9166667,744.0,14ST-8AV-A/C/E,166,"14 St (A,C,E)/8 Av (L)",618,"17,710"
9/1/21,Manhattan,Elevator,EL221,2,1,1,1,229.0,1.0,120.0,120.0,0.967638889,116.1166667,120.0,0.979953704,705.5666667,720.0,8AV-CNR-L,115,"14 St (A,C,E)/8 Av (L)",618,"17,710"
9/1/21,Manhattan,Elevator,EL223,2,1,1,1,229.0,1.0,120.0,120.0,1.0,120.0,120.0,0.989351852,712.3333333,720.0,14ST-8AV-A/C/E,166,"14 St (A,C,E)/8 Av (L)",618,"17,710"
9/1/21,Manhattan,Elevator,EL222,6,2,4,4,228.0,0.981944444,117.8333333,120.0,0.970694444,116.4833333,120.0,0.96625,695.7,720.0,14ST-8AV-A/C/E,166,"14 St (A,C,E)/8 Av (L)",618,"17,710"
9/1/21,Manhattan,Elevator,EL224,16,9,7,2,227.0,0.876111111,105.1333333,120.0,0.855277778,102.6333333,120.0,0.851990741,613.4333333,720.0,8AV-CNR-L,115,"14 St (A,C,E)/8 Av (L)",618,"17,710"
10/1/21,Manhattan,Elevator,EL223,3,1,2,1,230.0,1.0,124.0,124.0,0.974731183,120.8666667,124.0,0.985707885,733.3666667,744.0,14ST-8AV-A/C/E,166,"14 St (A,C,E)/8 Av (L)",618,"17,710"
10/1/21,Manhattan,Elevator,EL222,3,1,2,2,229.0,1.0,124.0,124.0,1.0,124.0,124.0,0.982549283,731.0166667,744.0,14ST-8AV-A/C/E,166,"14 St (A,C,E)/8 Av (L)",618,"17,710"
10/1/21,Manhattan,Elevator,EL224,8,4,4,1,228.0,0.720564516,89.35,124.0,0.665725806,82.55,124.0,0.701904122,522.2166667,744.0,8AV-CNR-L,115,"14 St (A,C,E)/8 Av (L)",618,"17,710"
10/1/21,Manhattan,Elevator,EL221,3,3,0,0,230.0,1.0,124.0,124.0,1.0,124.0,124.0,0.992226703,738.2166667,744.0,8AV-CNR-L,115,"14 St (A,C,E)/8 Av (L)",618,"17,710"
11/1/21,Manhattan,Elevator,EL223,1,1,0,0,231.0,1.0,120.0,120.0,1.0,120.0,120.0,0.992824074,714.8333333,720.0,14ST-8AV-A/C/E,166,"14 St (A,C,E)/8 Av (L)",618,"17,710"
11/1/21,Manhattan,Elevator,EL222,6,1,5,3,230.0,0.988055556,118.5666667,120.0,0.951388889,114.1666667,120.0,0.973217593,700.7166667,720.0,14ST-8AV-A/C/E,166,"14 St (A,C,E)/8 Av (L)",618,"17,710"
11/1/21,Manhattan,Elevator,EL221,3,1,2,0,231.0,1.0,120.0,120.0,0.966666667,116.0,120.0,0.962384259,692.9166667,720.0,8AV-CNR-L,115,"14 St (A,C,E)/8 Av (L)",618,"17,710"
11/1/21,Manhattan,Elevator,EL224,3,2,1,0,229.0,0.966666667,116.0,120.0,1.0,120.0,120.0,0.972592593,700.2666667,720.0,8AV-CNR-L,115,"14 St (A,C,E)/8 Av (L)",618,"17,710"
12/1/21,Manhattan,Elevator,EL222,2,1,1,0,231.0,1.0,124.0,124.0,1.0,124.0,124.0,0.988396057,735.3666667,744.0,14ST-8AV-A/C/E,166,"14 St (A,C,E)/8 Av (L)",618,"17,710"
12/1/21,Manhattan,Elevator,EL224,6,3,3,2,230.0,0.965053763,119.6666667,124.0,0.945026882,117.1833333,124.0,0.935080645,695.7,744.0,8AV-CNR-L,115,"14 St (A,C,E)/8 Av (L)",618,"17,710"
12/1/21,Manhattan,Elevator,EL223,4,3,1,1,232.0,0.952553763,118.1166667,124.0,0.974596774,120.85,124.0,0.968929211,720.8833333,744.0,14ST-8AV-A/C/E,166,"14 St (A,C,E)/8 Av (L)",618,"17,710"
12/1/21,Manhattan,Elevator,EL221,3,3,0,0,232.0,0.895833333,111.0833333,124.0,0.931854839,115.55,124.0,0.907773297,675.3833333,744.0,8AV-CNR-L,115,"14 St (A,C,E)/8 Av (L)",618,"17,710"
1/1/21,Brooklyn,Elevator,EL398,2,1,1,0,155.0,0.999462366,123.9333333,124.0,1.0,124.0,124.0,0.990367384,736.8333333,744.0,MYRTLE-WYCKOFFAVS-MYT-M,112,"Myrtle-Wyckoff Avs (L,M)",630,"10,038"
1/1/21,Brooklyn,Elevator,EL397,3,1,2,1,155.0,1.0,124.0,124.0,0.982258065,121.8,124.0,0.981854839,730.5,744.0,MYRTLE-WYCKOFFAVS-CNR-L,128,"Myrtle-Wyckoff Avs (L,M)",630,"10,038"
1/1/21,Brooklyn,Elevator,EL396,3,1,2,0,155.0,0.967741935,120.0,124.0,0.935483871,116.0,124.0,0.950201613,706.95,744.0,MYRTLE-WYCKOFFAVS-MYT-M,112,"Myrtle-Wyckoff Avs (L,M)",630,"10,038"
2/1/21,Brooklyn,Elevator,EL397,1,1,0,0,156.0,1.0,112.0,112.0,1.0,112.0,112.0,0.991170635,666.0666667,672.0,MYRTLE-WYCKOFFAVS-CNR-L,128,"Myrtle-Wyckoff Avs (L,M)",630,"10,038"
2/1/21,Brooklyn,Elevator,EL398,4,3,1,0,156.0,0.930059524,104.1666667,112.0,0.992559524,111.1666667,112.0,0.950396825,638.6666667,672.0,MYRTLE-WYCKOFFAVS-MYT-M,112,"Myrtle-Wyckoff Avs (L,M)",630,"10,038"
2/1/21,Brooklyn,Elevator,EL396,5,1,4,0,156.0,0.978125,109.55,112.0,0.978422619,109.5833333,112.0,0.97485119,655.1,672.0,MYRTLE-WYCKOFFAVS-MYT-M,112,"Myrtle-Wyckoff Avs (L,M)",630,"10,038"
3/1/21,Brooklyn,Elevator,EL397,3,1,2,0,157.0,0.935483871,116.0,124.0,1.0,124.0,124.0,0.964112903,717.3,744.0,MYRTLE-WYCKOFFAVS-CNR-L,128,"Myrtle-Wyckoff Avs (L,M)",630,"10,038"
3/1/21,Brooklyn,Elevator,EL396,3,2,1,0,157.0,1.0,124.0,124.0,1.0,124.0,124.0,0.989471326,736.1666667,744.0,MYRTLE-WYCKOFFAVS-MYT-M,112,"Myrtle-Wyckoff Avs (L,M)",630,"10,038"
3/1/21,Brooklyn,Elevator,EL398,1,1,0,0,157.0,1.0,124.0,124.0,1.0,124.0,124.0,0.99563172,740.75,744.0,MYRTLE-WYCKOFFAVS-MYT-M,112,"Myrtle-Wyckoff Avs (L,M)",630,"10,038"
4/1/21,Brooklyn,Elevator,EL398,1,1,0,0,158.0,1.0,120.0,120.0,1.0,120.0,120.0,0.991203704,713.6666667,720.0,MYRTLE-WYCKOFFAVS-MYT-M,112,"Myrtle-Wyckoff Avs (L,M)",630,"10,038"
4/1/21,Brooklyn,Elevator,EL397,7,5,2,0,158.0,0.99375,119.25,120.0,0.966666667,116.0,120.0,0.952939815,686.1166667,720.0,MYRTLE-WYCKOFFAVS-CNR-L,128,"Myrtle-Wyckoff Avs (L,M)",630,"10,038"
4/1/21,Brooklyn,Elevator,EL396,6,4,2,2,158.0,0.98125,117.75,120.0,0.966527778,115.9833333,120.0,0.974513889,701.65,720.0,MYRTLE-WYCKOFFAVS-MYT-M,112,"Myrtle-Wyckoff Avs (L,M)",630,"10,038"
5/1/21,Brooklyn,Elevator,EL397,0,0,0,0,159.0,1.0,124.0,124.0,1.0,124.0,124.0,1.0,744.0,744.0,MYRTLE-WYCKOFFAVS-CNR-L,128,"Myrtle-Wyckoff Avs (L,M)",630,"10,038"
5/1/21,Brooklyn,Elevator,EL396,2,1,1,0,159.0,1.0,124.0,124.0,0.994758065,123.35,124.0,0.988485663,735.4333333,744.0,MYRTLE-WYCKOFFAVS-MYT-M,112,"Myrtle-Wyckoff Avs (L,M)",630,"10,038"
5/1/21,Brooklyn,Elevator,EL398,1,1,0,0,159.0,1.0,124.0,124.0,1.0,124.0,124.0,0.993167563,738.9166667,744.0,MYRTLE-WYCKOFFAVS-MYT-M,112,"Myrtle-Wyckoff Avs (L,M)",630,"10,038"
6/1/21,Brooklyn,Elevator,EL396,6,2,4,2,160.0,0.994166667,119.3,120.0,0.962083333,115.45,120.0,0.959861111,691.1,720.0,MYRTLE-WYCKOFFAVS-MYT-M,112,"Myrtle-Wyckoff Avs (L,M)",630,"10,038"
6/1/21,Brooklyn,Elevator,EL398,2,2,0,0,160.0,1.0,120.0,120.0,1.0,120.0,120.0,0.986666667,710.4,720.0,MYRTLE-WYCKOFFAVS-MYT-M,112,"Myrtle-Wyckoff Avs (L,M)",630,"10,038"
6/1/21,Brooklyn,Elevator,EL397,2,1,1,0,160.0,1.0,120.0,120.0,1.0,120.0,120.0,0.990925926,713.4666667,720.0,MYRTLE-WYCKOFFAVS-CNR-L,128,"Myrtle-Wyckoff Avs (L,M)",630,"10,038"
7/1/21,Brooklyn,Elevator,EL396,7,1,6,1,161.0,0.987365591,122.4333333,124.0,0.945833333,117.2833333,124.0,0.954950717,710.4833333,744.0,MYRTLE-WYCKOFFAVS-MYT-M,112,"Myrtle-Wyckoff Avs (L,M)",630,"10,038"
7/1/21,Brooklyn,Elevator,EL397,6,1,5,2,161.0,0.975806452,121.0,124.0,0.92405914,114.5833333,124.0,0.958602151,713.2,744.0,MYRTLE-WYCKOFFAVS-CNR-L,128,"Myrtle-Wyckoff Avs (L,M)",630,"10,038"
7/1/21,Brooklyn,Elevator,EL398,2,1,1,0,161.0,0.935483871,116.0,124.0,0.914247312,113.3666667,124.0,0.925179211,688.3333333,744.0,MYRTLE-WYCKOFFAVS-MYT-M,112,"Myrtle-Wyckoff Avs (L,M)",630,"10,038"
8/1/21,Brooklyn,Elevator,EL397,14,10,4,0,162.0,0.804301075,99.73333333,124.0,0.983870968,122.0,124.0,0.896706989,667.15,744.0,MYRTLE-WYCKOFFAVS-CNR-L,128,"Myrtle-Wyckoff Avs (L,M)",630,"10,038"
8/1/21,Brooklyn,Elevator,EL398,4,2,2,0,162.0,1.0,124.0,124.0,1.0,124.0,124.0,0.979278674,728.5833333,744.0,MYRTLE-WYCKOFFAVS-MYT-M,112,"Myrtle-Wyckoff Avs (L,M)",630,"10,038"
8/1/21,Brooklyn,Elevator,EL396,8,3,5,0,162.0,0.836693548,103.75,124.0,0.85,105.4,124.0,0.816577061,607.5333333,744.0,MYRTLE-WYCKOFFAVS-MYT-M,112,"Myrtle-Wyckoff Avs (L,M)",630,"10,038"
9/1/21,Brooklyn,Elevator,EL396,3,2,1,1,163.0,0.988888889,118.6666667,120.0,1.0,120.0,120.0,0.980393519,705.8833333,720.0,MYRTLE-WYCKOFFAVS-MYT-M,112,"Myrtle-Wyckoff Avs (L,M)",630,"10,038"
9/1/21,Brooklyn,Elevator,EL397,4,1,3,0,163.0,0.971805556,116.6166667,120.0,1.0,120.0,120.0,0.98,705.6,720.0,MYRTLE-WYCKOFFAVS-CNR-L,128,"Myrtle-Wyckoff Avs (L,M)",630,"10,038"
9/1/21,Brooklyn,Elevator,EL398,1,1,0,0,163.0,0.990972222,118.9166667,120.0,1.0,120.0,120.0,0.993634259,715.4166667,720.0,MYRTLE-WYCKOFFAVS-MYT-M,112,"Myrtle-Wyckoff Avs (L,M)",630,"10,038"
10/1/21,Brooklyn,Elevator,EL396,3,2,1,1,164.0,1.0,124.0,124.0,1.0,124.0,124.0,0.984094982,732.1666667,744.0,MYRTLE-WYCKOFFAVS-MYT-M,112,"Myrtle-Wyckoff Avs (L,M)",630,"10,038"
10/1/21,Brooklyn,Elevator,EL397,7,5,2,0,164.0,0.932930108,115.6833333,124.0,0.870967742,108.0,124.0,0.89359319,664.8333333,744.0,MYRTLE-WYCKOFFAVS-CNR-L,128,"Myrtle-Wyckoff Avs (L,M)",630,"10,038"
10/1/21,Brooklyn,Elevator,EL398,2,2,0,0,164.0,0.988575269,122.5833333,124.0,1.0,124.0,124.0,0.992943548,738.75,744.0,MYRTLE-WYCKOFFAVS-MYT-M,112,"Myrtle-Wyckoff Avs (L,M)",630,"10,038"
11/1/21,Brooklyn,Elevator,EL397,3,2,1,0,165.0,0.988888889,118.6666667,120.0,0.933333333,112.0,120.0,0.963356481,693.6166667,720.0,MYRTLE-WYCKOFFAVS-CNR-L,128,"Myrtle-Wyckoff Avs (L,M)",630,"10,038"
11/1/21,Brooklyn,Elevator,EL396,1,1,0,0,165.0,1.0,120.0,120.0,1.0,120.0,120.0,0.993287037,715.1666667,720.0,MYRTLE-WYCKOFFAVS-MYT-M,112,"Myrtle-Wyckoff Avs (L,M)",630,"10,038"
11/1/21,Brooklyn,Elevator,EL398,3,2,1,0,165.0,0.9625,115.5,120.0,0.933333333,112.0,120.0,0.945509259,680.7666667,720.0,MYRTLE-WYCKOFFAVS-MYT-M,112,"Myrtle-Wyckoff Avs (L,M)",630,"10,038"
12/1/21,Brooklyn,Elevator,EL396,3,1,2,0,166.0,0.968413978,120.0833333,124.0,1.0,124.0,124.0,0.98328853,731.5666667,744.0,MYRTLE-WYCKOFFAVS-MYT-M,112,"Myrtle-Wyckoff Avs (L,M)",630,"10,038"
12/1/21,Brooklyn,Elevator,EL397,10,3,7,0,166.0,0.968413978,120.0833333,124.0,0.971236559,120.4333333,124.0,0.967293907,719.6666667,744.0,MYRTLE-WYCKOFFAVS-CNR-L,128,"Myrtle-Wyckoff Avs (L,M)",630,"10,038"
12/1/21,Brooklyn,Elevator,EL398,5,4,1,0,166.0,0.932526882,115.6333333,124.0,1.0,124.0,124.0,0.952844982,708.9166667,744.0,MYRTLE-WYCKOFFAVS-MYT-M,112,"Myrtle-Wyckoff Avs (L,M)",630,"10,038"
